"path","kind","extension","purpose_tr","canonical_status","has_delete_risk","notes"
"compiler/scripts/audit_uxb_library_bundle.bat","SCRIPT",".bat","diger","ADAY","HAYIR",""
"compiler/scripts/build_imported_library_runtimes.bat","SCRIPT",".bat","compiler_layer_audit_or_gate","ADAY","HAYIR",""
"compiler/scripts/build_uxb_main_64.bat","SCRIPT",".bat","diger","ADAY","HAYIR",""
"compiler/scripts/create_step7_release_candidate.bat","SCRIPT",".bat","diger","ADAY","HAYIR",""
"compiler/scripts/create_wasm_publish_release.bat","SCRIPT",".bat","diger","ADAY","HAYIR",""
"compiler/scripts/import_uxb_library_bundle.bat","SCRIPT",".bat","diger","ADAY","HAYIR",""
"compiler/scripts/open_latest_reports.bat","SCRIPT",".bat","diger","ADAY","HAYIR",""
"compiler/scripts/organize_artifacts.ps1","SCRIPT",".ps1","workspace_cleaning","ADAY","HAYIR",""
"compiler/scripts/run_adim04_ast_contract_gate.ps1","SCRIPT",".ps1","compiler_layer_audit_or_gate","ADAY","HAYIR",""
"compiler/scripts/run_adim07_lexer_preprocessor.ps1","SCRIPT",".ps1","compiler_layer_audit_or_gate","ADAY","HAYIR",""
"compiler/scripts/run_adim08_parser_gate.ps1","SCRIPT",".ps1","compiler_layer_audit_or_gate","ADAY","HAYIR",""
"compiler/scripts/run_adim10_semantic_step5_gate.ps1","SCRIPT",".ps1","compiler_layer_audit_or_gate","ADAY","HAYIR",""
"compiler/scripts/run_adim2_differential_gate.bat","SCRIPT",".bat","diger","ADAY","HAYIR",""
"compiler/scripts/run_adim2_toolchain_gate.bat","SCRIPT",".bat","toolchain_diagnostics","ADAY","HAYIR",""
"compiler/scripts/run_browser_from_source.bat","SCRIPT",".bat","diger","ADAY","HAYIR",""
"compiler/scripts/run_browser_hybrid_pro_smoke.bat","SCRIPT",".bat","diger","ADAY","HAYIR",""
"compiler/scripts/run_browser_hybrid_smoke.bat","SCRIPT",".bat","diger","ADAY","HAYIR",""
"compiler/scripts/run_browser_js_smoke.bat","SCRIPT",".bat","diger","ADAY","HAYIR",""
"compiler/scripts/run_browser_json_build.bat","SCRIPT",".bat","diger","ADAY","HAYIR",""
"compiler/scripts/run_browser_surface_contract.bat","SCRIPT",".bat","diger","ADAY","HAYIR",""
"compiler/scripts/run_browser_toolchain_install.bat","SCRIPT",".bat","toolchain_diagnostics","ADAY","HAYIR",""
"compiler/scripts/run_emit_js_transpiler.bat","SCRIPT",".bat","diger","ADAY","HAYIR",""
"compiler/scripts/run_emit_mir_x64_asm.bat","SCRIPT",".bat","compiler_layer_audit_or_gate","ADAY","HAYIR",""
"compiler/scripts/run_emit_wasm_backend.bat","SCRIPT",".bat","compiler_layer_audit_or_gate","ADAY","HAYIR",""
"compiler/scripts/run_emit_x64_ast_asm.bat","SCRIPT",".bat","compiler_layer_audit_or_gate","ADAY","HAYIR",""
"compiler/scripts/run_emit_x86_codegen_artifacts.bat","SCRIPT",".bat","workspace_cleaning","ADAY","HAYIR",""
"compiler/scripts/run_extfp_codegen_smoke.bat","SCRIPT",".bat","compiler_layer_audit_or_gate","ADAY","HAYIR",""
"compiler/scripts/run_full_fp_runtime_smoke.bat","SCRIPT",".bat","compiler_layer_audit_or_gate","ADAY","HAYIR",""
"compiler/scripts/run_imported_library_smokes.bat","SCRIPT",".bat","diger","ADAY","HAYIR",""
"compiler/scripts/run_keyword_layer_matrix.bat","SCRIPT",".bat","keyword_layer_matrix","ADAY","HAYIR",""
"compiler/scripts/run_language_surface_full_matrix.bat","SCRIPT",".bat","surface_lifecycle_matrix","ADAY","HAYIR",""
"compiler/scripts/run_layer_json.ps1","SCRIPT",".ps1","diger","ADAY","HAYIR",""
"compiler/scripts/run_localhost_bridge.bat","SCRIPT",".bat","diger","ADAY","HAYIR",""
"compiler/scripts/run_mir_x64_completion_smoke.bat","SCRIPT",".bat","compiler_layer_audit_or_gate","ADAY","HAYIR",""
"compiler/scripts/run_mir_x64_prompt3_smoke.bat","SCRIPT",".bat","compiler_layer_audit_or_gate","ADAY","HAYIR",""
"compiler/scripts/run_mir_x64_surface_audit.bat","SCRIPT",".bat","compiler_layer_audit_or_gate","ADAY","HAYIR",""
"compiler/scripts/run_prompt0_baseline.bat","SCRIPT",".bat","diger","ADAY","HAYIR",""
"compiler/scripts/run_stage4_apply_full_safe.bat","SCRIPT",".bat","diger","ADAY","HAYIR",""
"compiler/scripts/run_stage4_apply_move_tests.bat","SCRIPT",".bat","diger","ADAY","HAYIR",""
"compiler/scripts/run_stage4_audit.bat","SCRIPT",".bat","diger","ADAY","HAYIR",""
"compiler/scripts/run_step1_surface_gate.bat","SCRIPT",".bat","diger","ADAY","HAYIR",""
"compiler/scripts/run_step1_surface_matrix.bat","SCRIPT",".bat","surface_lifecycle_matrix","ADAY","HAYIR",""
"compiler/scripts/run_step2_ast_contract_gate.bat","SCRIPT",".bat","compiler_layer_audit_or_gate","ADAY","HAYIR",""
"compiler/scripts/run_step2_ast_contract_matrix.bat","SCRIPT",".bat","compiler_layer_audit_or_gate","ADAY","HAYIR",""
"compiler/scripts/run_step2_ast_json_smoke.bat","SCRIPT",".bat","compiler_layer_audit_or_gate","ADAY","HAYIR",""
"compiler/scripts/run_step2_mir_lowering_cli_audit.bat","SCRIPT",".bat","compiler_layer_audit_or_gate","ADAY","HAYIR",""
"compiler/scripts/run_step3_all.bat","SCRIPT",".bat","diger","ADAY","HAYIR",""
"compiler/scripts/run_step3_project_runner.bat","SCRIPT",".bat","diger","ADAY","HAYIR",""
"compiler/scripts/run_step3_semantic_type_layout_gate.bat","SCRIPT",".bat","compiler_layer_audit_or_gate","ADAY","HAYIR",""
"compiler/scripts/run_step4_type_class_ffi_audit.bat","SCRIPT",".bat","diger","ADAY","HAYIR",""
"compiler/scripts/run_step5_final_close.bat","SCRIPT",".bat","diger","ADAY","HAYIR",""
"compiler/scripts/run_step5_fp_completion_audit.bat","SCRIPT",".bat","diger","ADAY","HAYIR",""
"compiler/scripts/run_step6_release_gate.bat","SCRIPT",".bat","release_gate","ADAY","HAYIR",""
"compiler/scripts/run_step7_final_gate.bat","SCRIPT",".bat","diger","ADAY","HAYIR",""
"compiler/scripts/run_uxaimath_smoke.bat","SCRIPT",".bat","diger","ADAY","HAYIR",""
"compiler/scripts/run_uxb_ast_alias_overlay.bat","SCRIPT",".bat","compiler_layer_audit_or_gate","ADAY","HAYIR",""
"compiler/scripts/run_uxb_mir_alias_overlay.bat","SCRIPT",".bat","compiler_layer_audit_or_gate","ADAY","HAYIR",""
"compiler/scripts/run_uxcollections_smoke.bat","SCRIPT",".bat","diger","ADAY","HAYIR",""
"compiler/scripts/run_uxdataframe_smoke.bat","SCRIPT",".bat","diger","ADAY","HAYIR",""
"compiler/scripts/run_uxdataset_smoke.bat","SCRIPT",".bat","diger","ADAY","HAYIR",""
"compiler/scripts/run_uxgraph_smoke.bat","SCRIPT",".bat","diger","ADAY","HAYIR",""
"compiler/scripts/run_uxllama_smoke.bat","SCRIPT",".bat","diger","ADAY","HAYIR",""
"compiler/scripts/run_uxmath_smoke.bat","SCRIPT",".bat","diger","ADAY","HAYIR",""
"compiler/scripts/run_uxmathcore_smoke.bat","SCRIPT",".bat","diger","ADAY","HAYIR",""
"compiler/scripts/run_uxmatrix_smoke.bat","SCRIPT",".bat","diger","ADAY","HAYIR",""
"compiler/scripts/run_uxnn_smoke.bat","SCRIPT",".bat","diger","ADAY","HAYIR",""
"compiler/scripts/run_uxnn2_smoke.bat","SCRIPT",".bat","diger","ADAY","HAYIR",""
"compiler/scripts/run_uxnn3_smoke.bat","SCRIPT",".bat","diger","ADAY","HAYIR",""
"compiler/scripts/run_uxonnx_smoke.bat","SCRIPT",".bat","diger","ADAY","HAYIR",""
"compiler/scripts/run_uxonnx2_smoke.bat","SCRIPT",".bat","diger","ADAY","HAYIR",""
"compiler/scripts/run_uxstats_smoke.bat","SCRIPT",".bat","diger","ADAY","HAYIR",""
"compiler/scripts/run_uxstats2_smoke.bat","SCRIPT",".bat","diger","ADAY","HAYIR",""
"compiler/scripts/run_uxtensor_smoke.bat","SCRIPT",".bat","diger","ADAY","HAYIR",""
"compiler/scripts/run_wasm_smoke.bat","SCRIPT",".bat","diger","ADAY","HAYIR",""
"compiler/scripts/run_webgpu_smoke.bat","SCRIPT",".bat","diger","ADAY","HAYIR",""
"compiler/scripts/run_workspace_clean_guard.bat","SCRIPT",".bat","workspace_cleaning","ADAY","HAYIR",""
"compiler/scripts/uxb_switchboard.ps1","SCRIPT",".ps1","diger","ADAY","HAYIR",""
"compiler/scripts/workspace_root_helpers.ps1","SCRIPT",".ps1","diger","ADAY","HAYIR",""
"tools/apply_browser_target_patch.py","TOOL",".py","diger","ADAY","HAYIR",""
"tools/apply_stage2_ast_contract_patch.py","TOOL",".py","compiler_layer_audit_or_gate","ADAY","HAYIR",""
"tools/apply_stage3_hook_trace_patch.py","TOOL",".py","diger","ADAY","HAYIR",""
"tools/audit/uxb_ast_contract_audit.py","TOOL",".py","compiler_layer_audit_or_gate","ADAY","HAYIR",""
"tools/audit/uxb_ast_contract_build_matrix.py","TOOL",".py","compiler_layer_audit_or_gate","ADAY","HAYIR",""
"tools/audit/uxb_ast_contract_collect_contract_nodes.py","TOOL",".py","compiler_layer_audit_or_gate","ADAY","HAYIR",""
"tools/audit/uxb_ast_contract_collect_handlers.py","TOOL",".py","compiler_layer_audit_or_gate","ADAY","HAYIR",""
"tools/audit/uxb_ast_contract_collect_parser_nodes.py","TOOL",".py","compiler_layer_audit_or_gate","ADAY","HAYIR",""
"tools/audit/uxb_ast_contract_fake_status_scan.py","TOOL",".py","fake_status_gate","ADAY","HAYIR",""
"tools/audit/uxb_ast_contract_gate.py","TOOL",".py","compiler_layer_audit_or_gate","ADAY","HAYIR",""
"tools/audit/uxb_build_keyword_layer_matrix.py","TOOL",".py","keyword_layer_matrix","KANONIK","HAYIR",""
"tools/audit/uxb_collect_ast_surface.py","TOOL",".py","compiler_layer_audit_or_gate","ADAY","HAYIR",""
"tools/audit/uxb_collect_layer_handlers.py","TOOL",".py","diger","ADAY","HAYIR",""
"tools/audit/uxb_collect_lexer_surface.py","TOOL",".py","compiler_layer_audit_or_gate","ADAY","HAYIR",""
"tools/audit/uxb_collect_parser_surface.py","TOOL",".py","compiler_layer_audit_or_gate","ADAY","HAYIR",""
"tools/audit/uxb_keyword_layer_gate.py","TOOL",".py","keyword_layer_gate","KANONIK","HAYIR",""
"tools/audit/uxb_no_fake_status_gate.py","TOOL",".py","fake_status_gate","KANONIK","HAYIR",""
"tools/audit/uxb_step1_surface_core.py","TOOL",".py","diger","FALLBACK","HAYIR",""
"tools/browser_target_patch_audit.py","TOOL",".py","diger","ADAY","HAYIR",""
"tools/control/uxb_adim2_lexer_gate.py","TOOL",".py","compiler_layer_audit_or_gate","ADAY","HAYIR",""
"tools/control/uxb_adim3_parser_gate.py","TOOL",".py","compiler_layer_audit_or_gate","ADAY","HAYIR",""
"tools/control/uxb_surface_lifecycle_matrix.py","TOOL",".py","surface_lifecycle_matrix","KANONIK","HAYIR",""
"tools/install_browser_wasm_toolchain.bat","TOOL",".bat","toolchain_diagnostics","ADAY","HAYIR",""
"tools/install_browser_wasm_toolchain.ps1","TOOL",".ps1","toolchain_diagnostics","ADAY","EVET","TEHLIKELI_ISLEM_VAR;SILME_RISKI_VAR;KANONIK_TEMIZLIK_ARACI_OLAMAZ;ANCAK_MEVCUT_ARAC_ENVANTERINDE_KALIR"
"tools/uxb_alias_overlay_preprocessor.py","TOOL",".py","diger","ADAY","HAYIR",""
"tools/uxb_browser_build_pro.py","TOOL",".py","diger","ADAY","HAYIR",""
"tools/uxb_browser_build.py","TOOL",".py","diger","ADAY","HAYIR",""
"tools/uxb_cli_pipeline_gate.py","TOOL",".py","diger","ADAY","HAYIR",""
"tools/uxb_codegen_regression_guard.py","TOOL",".py","compiler_layer_audit_or_gate","ADAY","HAYIR",""
"tools/uxb_differential_project_runner.py","TOOL",".py","diger","ADAY","HAYIR",""
"tools/uxb_differential_runner.py","TOOL",".py","diger","ADAY","HAYIR",""
"tools/uxb_dist_layer_gap_audit.py","TOOL",".py","diger","ADAY","HAYIR",""
"tools/uxb_expected_runner.py","TOOL",".py","diger","ADAY","HAYIR",""
"tools/uxb_extfp_codegen_audit.py","TOOL",".py","compiler_layer_audit_or_gate","ADAY","HAYIR",""
"tools/uxb_final_gap_audit.py","TOOL",".py","diger","ADAY","HAYIR",""
"tools/uxb_final_merge.py","TOOL",".py","diger","ADAY","HAYIR",""
"tools/uxb_ide_command_contract.py","TOOL",".py","diger","ADAY","HAYIR",""
"tools/uxb_js_transpiler_wasm_backend.py","TOOL",".py","compiler_layer_audit_or_gate","ADAY","HAYIR",""
"tools/uxb_json_to_js.py","TOOL",".py","diger","ADAY","HAYIR",""
"tools/uxb_json_to_wasm.py","TOOL",".py","diger","ADAY","HAYIR",""
"tools/uxb_keyword_layer_decision_gate.py","TOOL",".py","keyword_layer_gate","FALLBACK","HAYIR",""
"tools/uxb_keyword_layer_matrix.py","TOOL",".py","keyword_layer_matrix","FALLBACK","HAYIR",""
"tools/uxb_keyword_single_source_gate.py","TOOL",".py","keyword_layer_gate","ADAY","HAYIR",""
"tools/uxb_language_surface_full_matrix.py","TOOL",".py","surface_lifecycle_matrix","ADAY","HAYIR",""
"tools/uxb_language_surface_matrix.py","TOOL",".py","surface_lifecycle_matrix","ADAY","HAYIR",""
"tools/uxb_layer_gate.py","TOOL",".py","layer_gate","ADAY","HAYIR",""
"tools/uxb_layer_status_policy.py","TOOL",".py","diger","ADAY","HAYIR",""
"tools/uxb_library_ide_contract_extend.py","TOOL",".py","diger","ADAY","HAYIR",""
"tools/uxb_library_importer.py","TOOL",".py","diger","ADAY","EVET","TEHLIKELI_ISLEM_VAR;SILME_RISKI_VAR;KANONIK_TEMIZLIK_ARACI_OLAMAZ;ANCAK_MEVCUT_ARAC_ENVANTERINDE_KALIR"
"tools/uxb_library_runtime_builder.py","TOOL",".py","compiler_layer_audit_or_gate","ADAY","HAYIR",""
"tools/uxb_library_smoke_runner.py","TOOL",".py","diger","ADAY","HAYIR",""
"tools/uxb_localhost_bridge.py","TOOL",".py","diger","ADAY","HAYIR",""
"tools/uxb_mir_x64_prompt3_audit.py","TOOL",".py","compiler_layer_audit_or_gate","ADAY","HAYIR",""
"tools/uxb_mir_x64_surface_audit.py","TOOL",".py","compiler_layer_audit_or_gate","ADAY","HAYIR",""
"tools/uxb_prior_step_gap_audit.py","TOOL",".py","diger","ADAY","HAYIR",""
"tools/uxb_project_output_manager.py","TOOL",".py","diger","ADAY","HAYIR",""
"tools/uxb_release_gate.py","TOOL",".py","release_gate","ADAY","HAYIR",""
"tools/uxb_stage4_source_artifact_audit.py","TOOL",".py","workspace_cleaning","ADAY","HAYIR",""
"tools/uxb_step2_mir_lowering_cli_audit.py","TOOL",".py","compiler_layer_audit_or_gate","ADAY","HAYIR",""
"tools/uxb_step4_type_class_ffi_audit.py","TOOL",".py","diger","ADAY","HAYIR",""
"tools/uxb_step5_fp_completion_audit.py","TOOL",".py","diger","ADAY","HAYIR",""
"tools/uxb_step7_gate_compose.py","TOOL",".py","diger","ADAY","HAYIR",""
"tools/uxb_surface_to_browser_contract.py","TOOL",".py","diger","ADAY","HAYIR",""
"tools/uxb_test_matrix_linker.py","TOOL",".py","diger","ADAY","HAYIR",""
"tools/uxb_toolchain_doctor.py","TOOL",".py","toolchain_diagnostics","ADAY","HAYIR",""
"tools/uxb_vscode_contract_audit.py","TOOL",".py","diger","ADAY","HAYIR",""
"tools/uxb_workspace_clean_guard.py","TOOL",".py","workspace_cleaning","KANONIK","HAYIR",""
"tools/uxbc_baseline_runner.py","TOOL",".py","diger","ADAY","HAYIR",""
"tools/uxbc_clean_artifacts.py","TOOL",".py","workspace_cleaning","FALLBACK","EVET","TEHLIKELI_ISLEM_VAR;SILME_RISKI_VAR;KANONIK_TEMIZLIK_ARACI_OLAMAZ;ANCAK_MEVCUT_ARAC_ENVANTERINDE_KALIR"
"tools/uxbc_doctor.py","TOOL",".py","toolchain_diagnostics","ADAY","HAYIR",""
