"evidence_file","surface_name","blocker_code","recommended_step"
"src/parser/parser/parser_shared.fbs","ARRAY","BROKEN","ADD_AST_CONTRACT"
"src/parser/parser/parser_shared.fbs","ATN","BROKEN","ADD_AST_CONTRACT"
"src/parser/parser/parser_shared.fbs","BALL","BROKEN","ADD_AST_CONTRACT"
"src/parser/parser/parser_shared.fbs","BIGD","BROKEN","ADD_AST_CONTRACT"
"src/parser/parser/parser_shared.fbs","BIGF","BROKEN","ADD_AST_CONTRACT"
"src/parser/parser/parser_shared.fbs","BOOLEAN","BROKEN","ADD_AST_CONTRACT"
"src/parser/parser/parser_shared.fbs","CDBL","BROKEN","ADD_AST_CONTRACT"
"src/parser/parser/parser_shared.fbs","CINT","BROKEN","ADD_AST_CONTRACT"
"src/parser/parser/parser_shared.fbs","CLNG","BROKEN","ADD_AST_CONTRACT"
"src/parser/parser/parser_shared.fbs","CODEPTR","BROKEN","ADD_AST_CONTRACT"
"src/parser/parser/parser_shared.fbs","COS","BROKEN","ADD_AST_CONTRACT"
"src/parser/parser/parser_shared.fbs","CSNG","BROKEN","ADD_AST_CONTRACT"
"src/parser/parser/parser_shared.fbs","DICT","BROKEN","ADD_AST_CONTRACT"
"src/parser/parser/parser_shared.fbs","F128","BROKEN","ADD_AST_CONTRACT"
"src/parser/parser/parser_shared.fbs","F32","BROKEN","ADD_AST_CONTRACT"
"src/parser/parser/parser_shared.fbs","F64","BROKEN","ADD_AST_CONTRACT"
"src/parser/parser/parser_shared.fbs","F80","BROKEN","ADD_AST_CONTRACT"
"src/parser/parser/parser_shared.fbs","GETKEY","BROKEN","ADD_AST_CONTRACT"
"src/parser/parser/parser_shared.fbs","I16","BROKEN","ADD_AST_CONTRACT"
"src/parser/parser/parser_shared.fbs","I32","BROKEN","ADD_AST_CONTRACT"
"src/parser/parser/parser_shared.fbs","I64","BROKEN","ADD_AST_CONTRACT"
"src/parser/parser/parser_shared.fbs","I8","BROKEN","ADD_AST_CONTRACT"
"src/parser/parser/parser_shared.fbs","INKEY","BROKEN","ADD_AST_CONTRACT"
"src/parser/parser/parser_shared.fbs","LPTR","BROKEN","ADD_AST_CONTRACT"
"src/parser/parser/parser_shared.fbs","OBJECT","BROKEN","ADD_AST_CONTRACT"
"src/parser/parser/parser_shared.fbs","OFFSETOF","BROKEN","ADD_AST_CONTRACT"
"src/parser/parser/parser_shared.fbs","PEEKB","BROKEN","ADD_AST_CONTRACT"
"src/parser/parser/parser_shared.fbs","PEEKD","BROKEN","ADD_AST_CONTRACT"
"src/parser/parser/parser_shared.fbs","PEEKW","BROKEN","ADD_AST_CONTRACT"
"src/parser/parser/parser_shared.fbs","RND","BROKEN","ADD_AST_CONTRACT"
"src/parser/parser/parser_shared.fbs","RTRIM","BROKEN","ADD_AST_CONTRACT"
"src/parser/parser/parser_shared.fbs","SGN","BROKEN","ADD_AST_CONTRACT"
"src/parser/parser/parser_shared.fbs","SIZEOF","BROKEN","ADD_AST_CONTRACT"
"src/parser/parser/parser_shared.fbs","SQR","BROKEN","ADD_AST_CONTRACT"
"src/parser/parser/parser_shared.fbs","SQRT","BROKEN","ADD_AST_CONTRACT"
"src/parser/parser/parser_shared.fbs","TAN","BROKEN","ADD_AST_CONTRACT"
"src/parser/parser/parser_shared.fbs","U16","BROKEN","ADD_AST_CONTRACT"
"src/parser/parser/parser_shared.fbs","U32","BROKEN","ADD_AST_CONTRACT"
"src/parser/parser/parser_shared.fbs","U64","BROKEN","ADD_AST_CONTRACT"
"src/parser/parser/parser_shared.fbs","U8","BROKEN","ADD_AST_CONTRACT"
"src/parser/parser/parser_shared.fbs","VARPTR","BROKEN","ADD_AST_CONTRACT"
"src/parser/parser/parser_expr.fbs","-=","BROKEN","ADD_AST_CONTRACT"
"src/parser/parser/parser_expr.fbs","(","BROKEN","ADD_AST_CONTRACT"
"src/parser/parser/parser_expr.fbs","@","BROKEN","ADD_AST_CONTRACT"
"src/parser/parser/parser_expr.fbs","/=","BROKEN","ADD_AST_CONTRACT"
"src/parser/parser/parser_expr.fbs","\=","BROKEN","ADD_AST_CONTRACT"
"src/parser/parser/parser_expr.fbs","%","BROKEN","ADD_AST_CONTRACT"
"src/parser/parser/parser_expr.fbs","%=","BROKEN","ADD_AST_CONTRACT"
"src/parser/parser/parser_expr.fbs","^","BROKEN","ADD_AST_CONTRACT"
"src/parser/parser/parser_expr.fbs","^=","BROKEN","ADD_AST_CONTRACT"
"src/parser/parser/parser_expr.fbs","++","BROKEN","ADD_AST_CONTRACT"
"src/parser/parser/parser_expr.fbs","<<","BROKEN","ADD_AST_CONTRACT"
"src/parser/parser/parser_expr.fbs","<<=","BROKEN","ADD_AST_CONTRACT"
"src/parser/parser/parser_expr.fbs",">>","BROKEN","ADD_AST_CONTRACT"
"src/parser/parser/parser_expr.fbs",">>=","BROKEN","ADD_AST_CONTRACT"
"src/parser/parser/parser_expr.fbs","|","BROKEN","ADD_AST_CONTRACT"
"src/parser/parser/parser_expr.fbs","|=","BROKEN","ADD_AST_CONTRACT"
"src/parser/parser/parser_expr.fbs","FIX","BROKEN","ADD_AST_CONTRACT"
"src/parser/parser/parser_expr.fbs","LOF","BROKEN","ADD_AST_CONTRACT"
"src/parser/parser/parser_expr.fbs","LOG","BROKEN","ADD_AST_CONTRACT"
"src/parser/parser/parser_expr.fbs","PIPE","BROKEN","ADD_AST_CONTRACT"
"src/parser/parser/parser_expr.fbs","SHR","BROKEN","ADD_AST_CONTRACT"
"src/parser/parser/parser_expr.fbs","TIMER","BROKEN","ADD_AST_CONTRACT"
"src/parser/parser/parser_expr.fbs","XOR","BROKEN","ADD_AST_CONTRACT"
"src/parser/parser/parser_stmt_basic.fbs","DELETE","BROKEN","ADD_AST_CONTRACT"
"src/parser/parser/parser_stmt_basic.fbs","MEMCOPYB","BROKEN","ADD_AST_CONTRACT"
"src/parser/parser/parser_stmt_basic.fbs","MEMCOPYD","BROKEN","ADD_AST_CONTRACT"
"src/parser/parser/parser_stmt_basic.fbs","MEMCOPYW","BROKEN","ADD_AST_CONTRACT"
"src/parser/parser/parser_stmt_basic.fbs","MEMFILLB","BROKEN","ADD_AST_CONTRACT"
"src/parser/parser/parser_stmt_basic.fbs","MEMFILLD","BROKEN","ADD_AST_CONTRACT"
"src/parser/parser/parser_stmt_basic.fbs","MEMFILLW","BROKEN","ADD_AST_CONTRACT"
"src/parser/parser/parser_stmt_basic.fbs","POKEB","BROKEN","ADD_AST_CONTRACT"
"src/parser/parser/parser_stmt_basic.fbs","POKED","BROKEN","ADD_AST_CONTRACT"
"src/parser/parser/parser_stmt_basic.fbs","POKES","BROKEN","ADD_AST_CONTRACT"
"src/parser/parser/parser_stmt_basic.fbs","POKEW","BROKEN","ADD_AST_CONTRACT"
"src/parser/parser/parser_stmt_basic.fbs","RANDOMIZE","BROKEN","ADD_AST_CONTRACT"
"src/parser/parser/parser_stmt_event_pipe.fbs","BYTE","BROKEN","ADD_AST_CONTRACT"
"src/parser/parser/parser_stmt_event_pipe.fbs","EVENT","BROKEN","ADD_AST_CONTRACT"
"src/parser/parser/parser_stmt_event_pipe.fbs","PARALEL","BROKEN","ADD_AST_CONTRACT"
"src/parser/parser/parser_stmt_event_pipe.fbs","SLOT","BROKEN","ADD_AST_CONTRACT"
"src/parser/parser/parser_stmt_event_pipe.fbs","THREAD","BROKEN","ADD_AST_CONTRACT"
"src/parser/parser/parser_stmt_event_pipe.fbs","TRIGGER","BROKEN","ADD_AST_CONTRACT"
"src/parser/parser/parser_stmt_decl_class_method.fbs","DECORATOR","BROKEN","ADD_AST_CONTRACT"
"src/parser/parser/parser_stmt_decl_class_method.fbs","MAGIC","BROKEN","ADD_AST_CONTRACT"
"src/parser/parser/parser_stmt_decl_class_method.fbs","MIXIN","BROKEN","ADD_AST_CONTRACT"
"src/parser/parser/parser_stmt_decl_class_method.fbs","PROPERTY","BROKEN","ADD_AST_CONTRACT"
"src/parser/parser/parser_stmt_decl_class_method.fbs","SIHIRLIMETOT","BROKEN","ADD_AST_CONTRACT"
"src/parser/parser/parser_stmt_decl_core.fbs","IMPLEMENTS","BROKEN","ADD_AST_CONTRACT"
"src/parser/parser/parser_stmt_decl_core.fbs","SETSTRINGSIZE","BROKEN","ADD_AST_CONTRACT"
"src/parser/parser/parser_stmt_io.fbs","COLOR","BROKEN","ADD_AST_CONTRACT"
"src/parser/parser/parser_stmt_io.fbs","LOCATE","BROKEN","ADD_AST_CONTRACT"
"src/parser/parser/parser_path_validation_helpers.fbs","LCASE","BROKEN","ADD_AST_CONTRACT"
"src/parser/parser/parser_stmt_dispatch.fbs","STRPTR","BROKEN","ADD_AST_CONTRACT"
"src/parser/parser/parser_stmt_flow.fbs","UNTIL","BROKEN","ADD_AST_CONTRACT"
