surface_id,surface_name,blocker_code,reason,recommended_step,evidence_file
UXB-SURFACE-003,ATN,BROKEN,final_decision=BROKEN,ADD_AST_CONTRACT,src/parser/parser/parser_shared.fbs
UXB-SURFACE-004,CDBL,BROKEN,final_decision=BROKEN,ADD_AST_CONTRACT,src/parser/parser/parser_shared.fbs
UXB-SURFACE-006,CINT,BROKEN,final_decision=BROKEN,ADD_AST_CONTRACT,src/parser/parser/parser_shared.fbs
UXB-SURFACE-007,CLNG,BROKEN,final_decision=BROKEN,ADD_AST_CONTRACT,src/parser/parser/parser_shared.fbs
UXB-SURFACE-008,COS,BROKEN,final_decision=BROKEN,ADD_AST_CONTRACT,src/parser/parser/parser_shared.fbs
UXB-SURFACE-009,CSNG,BROKEN,final_decision=BROKEN,ADD_AST_CONTRACT,src/parser/parser/parser_shared.fbs
UXB-SURFACE-010,DECORATOR,BROKEN,final_decision=BROKEN,ADD_AST_CONTRACT,src/parser/parser/parser_stmt_decl_class_method.fbs
UXB-SURFACE-012,EVENT,BROKEN,final_decision=BROKEN,ADD_AST_CONTRACT,src/parser/parser/parser_stmt_event_pipe.fbs
UXB-SURFACE-014,FIX,BROKEN,final_decision=BROKEN,ADD_AST_CONTRACT,src/parser/parser/parser_expr.fbs
UXB-SURFACE-015,GETKEY,BROKEN,final_decision=BROKEN,ADD_AST_CONTRACT,src/parser/parser/parser_shared.fbs
UXB-SURFACE-016,INKEY,BROKEN,final_decision=BROKEN,ADD_AST_CONTRACT,src/parser/parser/parser_shared.fbs
UXB-SURFACE-019,LCASE,BROKEN,final_decision=BROKEN,ADD_AST_CONTRACT,src/parser/parser/parser_path_validation_helpers.fbs
UXB-SURFACE-021,LOF,BROKEN,final_decision=BROKEN,ADD_AST_CONTRACT,src/parser/parser/parser_expr.fbs
UXB-SURFACE-022,LOG,BROKEN,final_decision=BROKEN,ADD_AST_CONTRACT,src/parser/parser/parser_expr.fbs
UXB-SURFACE-024,MAGIC,BROKEN,final_decision=BROKEN,ADD_AST_CONTRACT,src/parser/parser/parser_stmt_decl_class_method.fbs
UXB-SURFACE-026,MIXIN,BROKEN,final_decision=BROKEN,ADD_AST_CONTRACT,src/parser/parser/parser_stmt_decl_class_method.fbs
UXB-SURFACE-030,PARALEL,BROKEN,final_decision=BROKEN,ADD_AST_CONTRACT,src/parser/parser/parser_stmt_event_pipe.fbs
UXB-SURFACE-031,PARALLEL,BROKEN,final_decision=BROKEN,ADD_PARSER_HANDLER,src/codegen/x64/mir_x64_codegen.fbs
UXB-SURFACE-032,PIPE,BROKEN,final_decision=BROKEN,ADD_AST_CONTRACT,src/parser/parser/parser_expr.fbs
UXB-SURFACE-033,RANDOMIZE,BROKEN,final_decision=BROKEN,ADD_AST_CONTRACT,src/parser/parser/parser_stmt_basic.fbs
UXB-SURFACE-034,RND,BROKEN,final_decision=BROKEN,ADD_AST_CONTRACT,src/parser/parser/parser_shared.fbs
UXB-SURFACE-035,RTRIM,BROKEN,final_decision=BROKEN,ADD_AST_CONTRACT,src/parser/parser/parser_shared.fbs
UXB-SURFACE-036,SETSTRINGSIZE,BROKEN,final_decision=BROKEN,ADD_AST_CONTRACT,src/parser/parser/parser_stmt_decl_core.fbs
UXB-SURFACE-037,SGN,BROKEN,final_decision=BROKEN,ADD_AST_CONTRACT,src/parser/parser/parser_shared.fbs
UXB-SURFACE-038,SIHIRLIMETOT,BROKEN,final_decision=BROKEN,ADD_AST_CONTRACT,src/parser/parser/parser_stmt_decl_class_method.fbs
UXB-SURFACE-040,SLOT,BROKEN,final_decision=BROKEN,ADD_AST_CONTRACT,src/parser/parser/parser_stmt_event_pipe.fbs
UXB-SURFACE-042,SQR,BROKEN,final_decision=BROKEN,ADD_AST_CONTRACT,src/parser/parser/parser_shared.fbs
UXB-SURFACE-043,SQRT,BROKEN,final_decision=BROKEN,ADD_AST_CONTRACT,src/parser/parser/parser_shared.fbs
UXB-SURFACE-045,STRPTR,BROKEN,final_decision=BROKEN,ADD_AST_CONTRACT,src/parser/parser/parser_stmt_dispatch.fbs
UXB-SURFACE-046,TAN,BROKEN,final_decision=BROKEN,ADD_AST_CONTRACT,src/parser/parser/parser_shared.fbs
UXB-SURFACE-047,THREAD,BROKEN,final_decision=BROKEN,ADD_AST_CONTRACT,src/parser/parser/parser_stmt_event_pipe.fbs
UXB-SURFACE-048,THREAT,BROKEN,final_decision=BROKEN,ADD_PARSER_HANDLER,docs/keyword_layer_matrix.csv
UXB-SURFACE-049,TIMER,BROKEN,final_decision=BROKEN,ADD_AST_CONTRACT,src/parser/parser/parser_expr.fbs
UXB-SURFACE-050,TRIGGER,BROKEN,final_decision=BROKEN,ADD_AST_CONTRACT,src/parser/parser/parser_stmt_event_pipe.fbs
UXB-SURFACE-054,ARRAY,BROKEN,final_decision=BROKEN,ADD_AST_CONTRACT,src/parser/parser/parser_shared.fbs
UXB-SURFACE-055,DICT,BROKEN,final_decision=BROKEN,ADD_AST_CONTRACT,src/parser/parser/parser_shared.fbs
UXB-SURFACE-100,UNTIL,BROKEN,final_decision=BROKEN,ADD_AST_CONTRACT,src/parser/parser/parser_stmt_flow.fbs
UXB-SURFACE-134,COLOR,BROKEN,final_decision=BROKEN,ADD_AST_CONTRACT,src/parser/parser/parser_stmt_io.fbs
UXB-SURFACE-137,LOCATE,BROKEN,final_decision=BROKEN,ADD_AST_CONTRACT,src/parser/parser/parser_stmt_io.fbs
UXB-SURFACE-163,CODEPTR,BROKEN,final_decision=BROKEN,ADD_AST_CONTRACT,src/parser/parser/parser_shared.fbs
UXB-SURFACE-166,LPTR,BROKEN,final_decision=BROKEN,ADD_AST_CONTRACT,src/parser/parser/parser_shared.fbs
UXB-SURFACE-167,MEMCOPYB,BROKEN,final_decision=BROKEN,ADD_AST_CONTRACT,src/parser/parser/parser_stmt_basic.fbs
UXB-SURFACE-168,MEMCOPYD,BROKEN,final_decision=BROKEN,ADD_AST_CONTRACT,src/parser/parser/parser_stmt_basic.fbs
UXB-SURFACE-169,MEMCOPYW,BROKEN,final_decision=BROKEN,ADD_AST_CONTRACT,src/parser/parser/parser_stmt_basic.fbs
UXB-SURFACE-170,MEMFILLB,BROKEN,final_decision=BROKEN,ADD_AST_CONTRACT,src/parser/parser/parser_stmt_basic.fbs
UXB-SURFACE-171,MEMFILLD,BROKEN,final_decision=BROKEN,ADD_AST_CONTRACT,src/parser/parser/parser_stmt_basic.fbs
UXB-SURFACE-172,MEMFILLW,BROKEN,final_decision=BROKEN,ADD_AST_CONTRACT,src/parser/parser/parser_stmt_basic.fbs
UXB-SURFACE-173,OFFSETOF,BROKEN,final_decision=BROKEN,ADD_AST_CONTRACT,src/parser/parser/parser_shared.fbs
UXB-SURFACE-174,PEEKB,BROKEN,final_decision=BROKEN,ADD_AST_CONTRACT,src/parser/parser/parser_shared.fbs
UXB-SURFACE-175,PEEKD,BROKEN,final_decision=BROKEN,ADD_AST_CONTRACT,src/parser/parser/parser_shared.fbs
UXB-SURFACE-176,PEEKW,BROKEN,final_decision=BROKEN,ADD_AST_CONTRACT,src/parser/parser/parser_shared.fbs
UXB-SURFACE-178,POKEB,BROKEN,final_decision=BROKEN,ADD_AST_CONTRACT,src/parser/parser/parser_stmt_basic.fbs
UXB-SURFACE-179,POKED,BROKEN,final_decision=BROKEN,ADD_AST_CONTRACT,src/parser/parser/parser_stmt_basic.fbs
UXB-SURFACE-180,POKES,BROKEN,final_decision=BROKEN,ADD_AST_CONTRACT,src/parser/parser/parser_stmt_basic.fbs
UXB-SURFACE-181,POKEW,BROKEN,final_decision=BROKEN,ADD_AST_CONTRACT,src/parser/parser/parser_stmt_basic.fbs
UXB-SURFACE-184,SIZEOF,BROKEN,final_decision=BROKEN,ADD_AST_CONTRACT,src/parser/parser/parser_shared.fbs
UXB-SURFACE-185,VARPTR,BROKEN,final_decision=BROKEN,ADD_AST_CONTRACT,src/parser/parser/parser_shared.fbs
UXB-SURFACE-187,%,BROKEN,final_decision=BROKEN,ADD_AST_CONTRACT,src/parser/parser/parser_expr.fbs
UXB-SURFACE-188,%=,BROKEN,final_decision=BROKEN,ADD_AST_CONTRACT,src/parser/parser/parser_expr.fbs
UXB-SURFACE-191,(,BROKEN,final_decision=BROKEN,ADD_AST_CONTRACT,src/parser/parser/parser_expr.fbs
UXB-SURFACE-196,++,BROKEN,final_decision=BROKEN,ADD_AST_CONTRACT,src/parser/parser/parser_expr.fbs
UXB-SURFACE-201,-=,BROKEN,final_decision=BROKEN,ADD_AST_CONTRACT,src/parser/parser/parser_expr.fbs
UXB-SURFACE-204,/=,BROKEN,final_decision=BROKEN,ADD_AST_CONTRACT,src/parser/parser/parser_expr.fbs
UXB-SURFACE-207,<<,BROKEN,final_decision=BROKEN,ADD_AST_CONTRACT,src/parser/parser/parser_expr.fbs
UXB-SURFACE-208,<<=,BROKEN,final_decision=BROKEN,ADD_AST_CONTRACT,src/parser/parser/parser_expr.fbs
UXB-SURFACE-214,>>,BROKEN,final_decision=BROKEN,ADD_AST_CONTRACT,src/parser/parser/parser_expr.fbs
UXB-SURFACE-215,>>=,BROKEN,final_decision=BROKEN,ADD_AST_CONTRACT,src/parser/parser/parser_expr.fbs
UXB-SURFACE-216,@,BROKEN,final_decision=BROKEN,ADD_AST_CONTRACT,src/parser/parser/parser_expr.fbs
UXB-SURFACE-224,SHR,BROKEN,final_decision=BROKEN,ADD_AST_CONTRACT,src/parser/parser/parser_expr.fbs
UXB-SURFACE-225,XOR,BROKEN,final_decision=BROKEN,ADD_AST_CONTRACT,src/parser/parser/parser_expr.fbs
UXB-SURFACE-228,\=,BROKEN,final_decision=BROKEN,ADD_AST_CONTRACT,src/parser/parser/parser_expr.fbs
UXB-SURFACE-230,^,BROKEN,final_decision=BROKEN,ADD_AST_CONTRACT,src/parser/parser/parser_expr.fbs
UXB-SURFACE-231,^=,BROKEN,final_decision=BROKEN,ADD_AST_CONTRACT,src/parser/parser/parser_expr.fbs
UXB-SURFACE-232,|,BROKEN,final_decision=BROKEN,ADD_AST_CONTRACT,src/parser/parser/parser_expr.fbs
UXB-SURFACE-233,|=,BROKEN,final_decision=BROKEN,ADD_AST_CONTRACT,src/parser/parser/parser_expr.fbs
UXB-SURFACE-238,DELETE,BROKEN,final_decision=BROKEN,ADD_AST_CONTRACT,src/parser/parser/parser_stmt_basic.fbs
UXB-SURFACE-241,IMPLEMENTS,BROKEN,final_decision=BROKEN,ADD_AST_CONTRACT,src/parser/parser/parser_stmt_decl_core.fbs
UXB-SURFACE-246,PROPERTY,BROKEN,final_decision=BROKEN,ADD_AST_CONTRACT,src/parser/parser/parser_stmt_decl_class_method.fbs
UXB-SURFACE-249,BALL,BROKEN,final_decision=BROKEN,ADD_AST_CONTRACT,src/parser/parser/parser_shared.fbs
UXB-SURFACE-250,BIGD,BROKEN,final_decision=BROKEN,ADD_AST_CONTRACT,src/parser/parser/parser_shared.fbs
UXB-SURFACE-251,BIGF,BROKEN,final_decision=BROKEN,ADD_AST_CONTRACT,src/parser/parser/parser_shared.fbs
UXB-SURFACE-252,BOOLEAN,BROKEN,final_decision=BROKEN,ADD_AST_CONTRACT,src/parser/parser/parser_shared.fbs
UXB-SURFACE-253,BYTE,BROKEN,final_decision=BROKEN,ADD_AST_CONTRACT,src/parser/parser/parser_stmt_event_pipe.fbs
UXB-SURFACE-254,F128,BROKEN,final_decision=BROKEN,ADD_AST_CONTRACT,src/parser/parser/parser_shared.fbs
UXB-SURFACE-255,F32,BROKEN,final_decision=BROKEN,ADD_AST_CONTRACT,src/parser/parser/parser_shared.fbs
UXB-SURFACE-256,F64,BROKEN,final_decision=BROKEN,ADD_AST_CONTRACT,src/parser/parser/parser_shared.fbs
UXB-SURFACE-257,F80,BROKEN,final_decision=BROKEN,ADD_AST_CONTRACT,src/parser/parser/parser_shared.fbs
UXB-SURFACE-258,I16,BROKEN,final_decision=BROKEN,ADD_AST_CONTRACT,src/parser/parser/parser_shared.fbs
UXB-SURFACE-259,I32,BROKEN,final_decision=BROKEN,ADD_AST_CONTRACT,src/parser/parser/parser_shared.fbs
UXB-SURFACE-260,I64,BROKEN,final_decision=BROKEN,ADD_AST_CONTRACT,src/parser/parser/parser_shared.fbs
UXB-SURFACE-261,I8,BROKEN,final_decision=BROKEN,ADD_AST_CONTRACT,src/parser/parser/parser_shared.fbs
UXB-SURFACE-262,OBJECT,BROKEN,final_decision=BROKEN,ADD_AST_CONTRACT,src/parser/parser/parser_shared.fbs
UXB-SURFACE-265,U16,BROKEN,final_decision=BROKEN,ADD_AST_CONTRACT,src/parser/parser/parser_shared.fbs
UXB-SURFACE-266,U32,BROKEN,final_decision=BROKEN,ADD_AST_CONTRACT,src/parser/parser/parser_shared.fbs
UXB-SURFACE-267,U64,BROKEN,final_decision=BROKEN,ADD_AST_CONTRACT,src/parser/parser/parser_shared.fbs
UXB-SURFACE-268,U8,BROKEN,final_decision=BROKEN,ADD_AST_CONTRACT,src/parser/parser/parser_shared.fbs
