surface_id,surface_name,backend,status,recommended_step
UXB-SURFACE-001,ABS,x64,MISSING,KEEP_GATE_COVERAGE
UXB-SURFACE-001,ABS,x86,MISSING,KEEP_GATE_COVERAGE
UXB-SURFACE-003,ATN,x64,MISSING,ADD_AST_CONTRACT
UXB-SURFACE-003,ATN,x86,MISSING,ADD_AST_CONTRACT
UXB-SURFACE-004,CDBL,x64,MISSING,ADD_AST_CONTRACT
UXB-SURFACE-004,CDBL,x86,MISSING,ADD_AST_CONTRACT
UXB-SURFACE-005,CHR,x64,MISSING,KEEP_GATE_COVERAGE
UXB-SURFACE-006,CINT,x64,MISSING,ADD_AST_CONTRACT
UXB-SURFACE-006,CINT,x86,MISSING,ADD_AST_CONTRACT
UXB-SURFACE-007,CLNG,x64,MISSING,ADD_AST_CONTRACT
UXB-SURFACE-007,CLNG,x86,MISSING,ADD_AST_CONTRACT
UXB-SURFACE-008,COS,x64,MISSING,ADD_AST_CONTRACT
UXB-SURFACE-008,COS,x86,MISSING,ADD_AST_CONTRACT
UXB-SURFACE-009,CSNG,x64,MISSING,ADD_AST_CONTRACT
UXB-SURFACE-009,CSNG,x86,MISSING,ADD_AST_CONTRACT
UXB-SURFACE-010,DECORATOR,x86,MISSING,ADD_AST_CONTRACT
UXB-SURFACE-011,EOF,x86,MISSING,KEEP_GATE_COVERAGE
UXB-SURFACE-012,EVENT,x64,MISSING,ADD_AST_CONTRACT
UXB-SURFACE-012,EVENT,x86,MISSING,ADD_AST_CONTRACT
UXB-SURFACE-013,EXP,x64,MISSING,KEEP_GATE_COVERAGE
UXB-SURFACE-014,FIX,x64,MISSING,ADD_AST_CONTRACT
UXB-SURFACE-015,GETKEY,x64,MISSING,ADD_AST_CONTRACT
UXB-SURFACE-015,GETKEY,x86,MISSING,ADD_AST_CONTRACT
UXB-SURFACE-016,INKEY,x64,MISSING,ADD_AST_CONTRACT
UXB-SURFACE-016,INKEY,x86,MISSING,ADD_AST_CONTRACT
UXB-SURFACE-017,INLINE,x64,MISSING,KEEP_GATE_COVERAGE
UXB-SURFACE-017,INLINE,x86,MISSING,KEEP_GATE_COVERAGE
UXB-SURFACE-019,LCASE,x64,MISSING,ADD_AST_CONTRACT
UXB-SURFACE-019,LCASE,x86,MISSING,ADD_AST_CONTRACT
UXB-SURFACE-021,LOF,x86,MISSING,ADD_AST_CONTRACT
UXB-SURFACE-022,LOG,x86,MISSING,ADD_AST_CONTRACT
UXB-SURFACE-023,LTRIM,x64,MISSING,KEEP_GATE_COVERAGE
UXB-SURFACE-024,MAGIC,x86,MISSING,ADD_AST_CONTRACT
UXB-SURFACE-026,MIXIN,x86,MISSING,ADD_AST_CONTRACT
UXB-SURFACE-027,OFF,x86,MISSING,KEEP_GATE_COVERAGE
UXB-SURFACE-029,OVERRIDE,x86,MISSING,KEEP_GATE_COVERAGE
UXB-SURFACE-030,PARALEL,x64,MISSING,ADD_AST_CONTRACT
UXB-SURFACE-030,PARALEL,x86,MISSING,ADD_AST_CONTRACT
UXB-SURFACE-031,PARALLEL,x86,MISSING,ADD_PARSER_HANDLER
UXB-SURFACE-032,PIPE,x64,MISSING,ADD_AST_CONTRACT
UXB-SURFACE-032,PIPE,x86,MISSING,ADD_AST_CONTRACT
UXB-SURFACE-033,RANDOMIZE,x86,MISSING,ADD_AST_CONTRACT
UXB-SURFACE-034,RND,x64,MISSING,ADD_AST_CONTRACT
UXB-SURFACE-034,RND,x86,MISSING,ADD_AST_CONTRACT
UXB-SURFACE-035,RTRIM,x64,MISSING,ADD_AST_CONTRACT
UXB-SURFACE-035,RTRIM,x86,MISSING,ADD_AST_CONTRACT
UXB-SURFACE-036,SETSTRINGSIZE,x86,MISSING,ADD_AST_CONTRACT
UXB-SURFACE-037,SGN,x64,MISSING,ADD_AST_CONTRACT
UXB-SURFACE-037,SGN,x86,MISSING,ADD_AST_CONTRACT
UXB-SURFACE-038,SIHIRLIMETOT,x64,MISSING,ADD_AST_CONTRACT
UXB-SURFACE-038,SIHIRLIMETOT,x86,MISSING,ADD_AST_CONTRACT
UXB-SURFACE-040,SLOT,x86,MISSING,ADD_AST_CONTRACT
UXB-SURFACE-041,SPACE,x86,MISSING,KEEP_GATE_COVERAGE
UXB-SURFACE-042,SQR,x64,MISSING,ADD_AST_CONTRACT
UXB-SURFACE-042,SQR,x86,MISSING,ADD_AST_CONTRACT
UXB-SURFACE-043,SQRT,x64,MISSING,ADD_AST_CONTRACT
UXB-SURFACE-043,SQRT,x86,MISSING,ADD_AST_CONTRACT
UXB-SURFACE-045,STRPTR,x64,MISSING,ADD_AST_CONTRACT
UXB-SURFACE-045,STRPTR,x86,MISSING,ADD_AST_CONTRACT
UXB-SURFACE-046,TAN,x64,MISSING,ADD_AST_CONTRACT
UXB-SURFACE-046,TAN,x86,MISSING,ADD_AST_CONTRACT
UXB-SURFACE-047,THREAD,x64,MISSING,ADD_AST_CONTRACT
UXB-SURFACE-047,THREAD,x86,MISSING,ADD_AST_CONTRACT
UXB-SURFACE-048,THREAT,x64,MISSING,ADD_PARSER_HANDLER
UXB-SURFACE-048,THREAT,x86,MISSING,ADD_PARSER_HANDLER
UXB-SURFACE-049,TIMER,x64,MISSING,ADD_AST_CONTRACT
UXB-SURFACE-049,TIMER,x86,MISSING,ADD_AST_CONTRACT
UXB-SURFACE-050,TRIGGER,x64,MISSING,ADD_AST_CONTRACT
UXB-SURFACE-050,TRIGGER,x86,MISSING,ADD_AST_CONTRACT
UXB-SURFACE-053,VIRTUAL,x86,MISSING,KEEP_GATE_COVERAGE
UXB-SURFACE-054,ARRAY,x86,MISSING,ADD_AST_CONTRACT
UXB-SURFACE-055,DICT,x64,MISSING,ADD_AST_CONTRACT
UXB-SURFACE-055,DICT,x86,MISSING,ADD_AST_CONTRACT
UXB-SURFACE-056,LIST,x64,MISSING,KEEP_GATE_COVERAGE
UXB-SURFACE-057,SET,x86,MISSING,KEEP_GATE_COVERAGE
UXB-SURFACE-082,EACH,x64,MISSING,KEEP_GATE_COVERAGE
UXB-SURFACE-082,EACH,x86,MISSING,KEEP_GATE_COVERAGE
UXB-SURFACE-084,ELSEIF,x86,MISSING,KEEP_GATE_COVERAGE
UXB-SURFACE-088,GOSUB,x86,MISSING,KEEP_GATE_COVERAGE
UXB-SURFACE-089,GOTO,x86,MISSING,KEEP_GATE_COVERAGE
UXB-SURFACE-093,LOOP,x64,MISSING,KEEP_GATE_COVERAGE
UXB-SURFACE-097,STEP,x64,MISSING,KEEP_GATE_COVERAGE
UXB-SURFACE-100,UNTIL,x64,MISSING,ADD_AST_CONTRACT
UXB-SURFACE-100,UNTIL,x86,MISSING,ADD_AST_CONTRACT
UXB-SURFACE-100,UNTIL,wat,MISSING,ADD_AST_CONTRACT
UXB-SURFACE-100,UNTIL,wasm,MISSING,ADD_AST_CONTRACT
UXB-SURFACE-101,WHILE,x64,MISSING,KEEP_GATE_COVERAGE
UXB-SURFACE-103,CONST,x86,MISSING,KEEP_GATE_COVERAGE
UXB-SURFACE-113,ASSERT,x64,MISSING,KEEP_GATE_COVERAGE
UXB-SURFACE-113,ASSERT,x86,MISSING,KEEP_GATE_COVERAGE
UXB-SURFACE-114,CATCH,x64,MISSING,KEEP_GATE_COVERAGE
UXB-SURFACE-114,CATCH,x86,MISSING,KEEP_GATE_COVERAGE
UXB-SURFACE-115,FINALLY,x64,MISSING,KEEP_GATE_COVERAGE
UXB-SURFACE-115,FINALLY,x86,MISSING,KEEP_GATE_COVERAGE
UXB-SURFACE-116,THROW,x64,MISSING,KEEP_GATE_COVERAGE
UXB-SURFACE-116,THROW,x86,MISSING,KEEP_GATE_COVERAGE
UXB-SURFACE-133,CLS,x86,MISSING,KEEP_GATE_COVERAGE
UXB-SURFACE-134,COLOR,x86,MISSING,ADD_AST_CONTRACT
UXB-SURFACE-135,GET,x86,MISSING,KEEP_GATE_COVERAGE
UXB-SURFACE-136,INPUT,x86,MISSING,KEEP_GATE_COVERAGE
UXB-SURFACE-137,LOCATE,x86,MISSING,ADD_AST_CONTRACT
UXB-SURFACE-141,SEEK,x86,MISSING,KEEP_GATE_COVERAGE
UXB-SURFACE-163,CODEPTR,x64,MISSING,ADD_AST_CONTRACT
UXB-SURFACE-163,CODEPTR,x86,MISSING,ADD_AST_CONTRACT
UXB-SURFACE-166,LPTR,x64,MISSING,ADD_AST_CONTRACT
UXB-SURFACE-166,LPTR,x86,MISSING,ADD_AST_CONTRACT
UXB-SURFACE-167,MEMCOPYB,x64,MISSING,ADD_AST_CONTRACT
UXB-SURFACE-167,MEMCOPYB,x86,MISSING,ADD_AST_CONTRACT
UXB-SURFACE-168,MEMCOPYD,x64,MISSING,ADD_AST_CONTRACT
UXB-SURFACE-168,MEMCOPYD,x86,MISSING,ADD_AST_CONTRACT
UXB-SURFACE-169,MEMCOPYW,x64,MISSING,ADD_AST_CONTRACT
UXB-SURFACE-169,MEMCOPYW,x86,MISSING,ADD_AST_CONTRACT
UXB-SURFACE-170,MEMFILLB,x64,MISSING,ADD_AST_CONTRACT
UXB-SURFACE-170,MEMFILLB,x86,MISSING,ADD_AST_CONTRACT
UXB-SURFACE-171,MEMFILLD,x64,MISSING,ADD_AST_CONTRACT
UXB-SURFACE-171,MEMFILLD,x86,MISSING,ADD_AST_CONTRACT
UXB-SURFACE-172,MEMFILLW,x64,MISSING,ADD_AST_CONTRACT
UXB-SURFACE-172,MEMFILLW,x86,MISSING,ADD_AST_CONTRACT
UXB-SURFACE-173,OFFSETOF,x64,MISSING,ADD_AST_CONTRACT
UXB-SURFACE-173,OFFSETOF,x86,MISSING,ADD_AST_CONTRACT
UXB-SURFACE-174,PEEKB,x64,MISSING,ADD_AST_CONTRACT
UXB-SURFACE-174,PEEKB,x86,MISSING,ADD_AST_CONTRACT
UXB-SURFACE-174,PEEKB,wat,MISSING,ADD_AST_CONTRACT
UXB-SURFACE-174,PEEKB,wasm,MISSING,ADD_AST_CONTRACT
UXB-SURFACE-175,PEEKD,x64,MISSING,ADD_AST_CONTRACT
UXB-SURFACE-175,PEEKD,x86,MISSING,ADD_AST_CONTRACT
UXB-SURFACE-175,PEEKD,wat,MISSING,ADD_AST_CONTRACT
UXB-SURFACE-175,PEEKD,wasm,MISSING,ADD_AST_CONTRACT
UXB-SURFACE-176,PEEKW,x64,MISSING,ADD_AST_CONTRACT
UXB-SURFACE-176,PEEKW,x86,MISSING,ADD_AST_CONTRACT
UXB-SURFACE-176,PEEKW,wat,MISSING,ADD_AST_CONTRACT
UXB-SURFACE-176,PEEKW,wasm,MISSING,ADD_AST_CONTRACT
UXB-SURFACE-177,POKE,x86,MISSING,KEEP_GATE_COVERAGE
UXB-SURFACE-178,POKEB,x64,MISSING,ADD_AST_CONTRACT
UXB-SURFACE-178,POKEB,x86,MISSING,ADD_AST_CONTRACT
UXB-SURFACE-179,POKED,x64,MISSING,ADD_AST_CONTRACT
UXB-SURFACE-179,POKED,x86,MISSING,ADD_AST_CONTRACT
UXB-SURFACE-180,POKES,x64,MISSING,ADD_AST_CONTRACT
UXB-SURFACE-180,POKES,x86,MISSING,ADD_AST_CONTRACT
UXB-SURFACE-181,POKEW,x64,MISSING,ADD_AST_CONTRACT
UXB-SURFACE-181,POKEW,x86,MISSING,ADD_AST_CONTRACT
UXB-SURFACE-182,SADD,x64,MISSING,KEEP_GATE_COVERAGE
UXB-SURFACE-182,SADD,x86,MISSING,KEEP_GATE_COVERAGE
UXB-SURFACE-183,SETNEWOFFSET,x64,MISSING,KEEP_GATE_COVERAGE
UXB-SURFACE-183,SETNEWOFFSET,x86,MISSING,KEEP_GATE_COVERAGE
UXB-SURFACE-184,SIZEOF,x64,MISSING,ADD_AST_CONTRACT
UXB-SURFACE-184,SIZEOF,x86,MISSING,ADD_AST_CONTRACT
UXB-SURFACE-185,VARPTR,x64,MISSING,ADD_AST_CONTRACT
UXB-SURFACE-185,VARPTR,x86,MISSING,ADD_AST_CONTRACT
UXB-SURFACE-187,%,x64,MISSING,ADD_AST_CONTRACT
UXB-SURFACE-187,%,x86,MISSING,ADD_AST_CONTRACT
UXB-SURFACE-188,%=,x64,MISSING,ADD_AST_CONTRACT
UXB-SURFACE-188,%=,x86,MISSING,ADD_AST_CONTRACT
UXB-SURFACE-191,(,x64,MISSING,ADD_AST_CONTRACT
UXB-SURFACE-191,(,x86,MISSING,ADD_AST_CONTRACT
UXB-SURFACE-194,*=,x64,MISSING,KEEP_GATE_COVERAGE
UXB-SURFACE-194,*=,x86,MISSING,KEEP_GATE_COVERAGE
UXB-SURFACE-196,++,x64,MISSING,ADD_AST_CONTRACT
UXB-SURFACE-196,++,x86,MISSING,ADD_AST_CONTRACT
UXB-SURFACE-200,--,x64,MISSING,KEEP_GATE_COVERAGE
UXB-SURFACE-200,--,x86,MISSING,KEEP_GATE_COVERAGE
UXB-SURFACE-201,-=,x64,MISSING,ADD_AST_CONTRACT
UXB-SURFACE-201,-=,x86,MISSING,ADD_AST_CONTRACT
UXB-SURFACE-204,/=,x64,MISSING,ADD_AST_CONTRACT
UXB-SURFACE-204,/=,x86,MISSING,ADD_AST_CONTRACT
UXB-SURFACE-207,<<,x64,MISSING,ADD_AST_CONTRACT
UXB-SURFACE-207,<<,x86,MISSING,ADD_AST_CONTRACT
UXB-SURFACE-208,<<=,x64,MISSING,ADD_AST_CONTRACT
UXB-SURFACE-208,<<=,x86,MISSING,ADD_AST_CONTRACT
UXB-SURFACE-208,<<=,js,MISSING,ADD_AST_CONTRACT
UXB-SURFACE-209,<=,x64,MISSING,KEEP_GATE_COVERAGE
UXB-SURFACE-214,>>,x64,MISSING,ADD_AST_CONTRACT
UXB-SURFACE-214,>>,x86,MISSING,ADD_AST_CONTRACT
UXB-SURFACE-215,>>=,x64,MISSING,ADD_AST_CONTRACT
UXB-SURFACE-215,>>=,x86,MISSING,ADD_AST_CONTRACT
UXB-SURFACE-215,>>=,js,MISSING,ADD_AST_CONTRACT
UXB-SURFACE-216,@,x64,MISSING,ADD_AST_CONTRACT
UXB-SURFACE-216,@,x86,MISSING,ADD_AST_CONTRACT
UXB-SURFACE-216,@,js,MISSING,ADD_AST_CONTRACT
UXB-SURFACE-218,MOD,x86,MISSING,KEEP_GATE_COVERAGE
UXB-SURFACE-221,ROL,x86,MISSING,KEEP_GATE_COVERAGE
UXB-SURFACE-222,ROR,x86,MISSING,KEEP_GATE_COVERAGE
UXB-SURFACE-223,SHL,x86,MISSING,KEEP_GATE_COVERAGE
UXB-SURFACE-224,SHR,x86,MISSING,ADD_AST_CONTRACT
UXB-SURFACE-225,XOR,x86,MISSING,ADD_AST_CONTRACT
UXB-SURFACE-226,[,x64,MISSING,KEEP_GATE_COVERAGE
UXB-SURFACE-227,\,x64,MISSING,KEEP_GATE_COVERAGE
UXB-SURFACE-228,\=,x64,MISSING,ADD_AST_CONTRACT
UXB-SURFACE-228,\=,x86,MISSING,ADD_AST_CONTRACT
UXB-SURFACE-230,^,x64,MISSING,ADD_AST_CONTRACT
UXB-SURFACE-230,^,x86,MISSING,ADD_AST_CONTRACT
UXB-SURFACE-231,^=,x64,MISSING,ADD_AST_CONTRACT
UXB-SURFACE-231,^=,x86,MISSING,ADD_AST_CONTRACT
UXB-SURFACE-231,^=,js,MISSING,ADD_AST_CONTRACT
UXB-SURFACE-232,|,x86,MISSING,ADD_AST_CONTRACT
UXB-SURFACE-233,|=,x64,MISSING,ADD_AST_CONTRACT
UXB-SURFACE-233,|=,x86,MISSING,ADD_AST_CONTRACT
UXB-SURFACE-233,|=,js,MISSING,ADD_AST_CONTRACT
UXB-SURFACE-235,CLASS,x86,MISSING,KEEP_GATE_COVERAGE
UXB-SURFACE-236,CONSTRUCTOR,x86,MISSING,KEEP_GATE_COVERAGE
UXB-SURFACE-238,DELETE,x86,MISSING,ADD_AST_CONTRACT
UXB-SURFACE-239,DESTRUCTOR,x86,MISSING,KEEP_GATE_COVERAGE
UXB-SURFACE-241,IMPLEMENTS,x86,MISSING,ADD_AST_CONTRACT
UXB-SURFACE-242,INTERFACE,x86,MISSING,KEEP_GATE_COVERAGE
UXB-SURFACE-243,METHOD,x86,MISSING,KEEP_GATE_COVERAGE
UXB-SURFACE-244,NEW,x86,MISSING,KEEP_GATE_COVERAGE
UXB-SURFACE-245,OPERATOR,x86,MISSING,KEEP_GATE_COVERAGE
UXB-SURFACE-246,PROPERTY,x86,MISSING,ADD_AST_CONTRACT
UXB-SURFACE-249,BALL,x64,MISSING,ADD_AST_CONTRACT
UXB-SURFACE-249,BALL,x86,MISSING,ADD_AST_CONTRACT
UXB-SURFACE-250,BIGD,x64,MISSING,ADD_AST_CONTRACT
UXB-SURFACE-250,BIGD,x86,MISSING,ADD_AST_CONTRACT
UXB-SURFACE-251,BIGF,x64,MISSING,ADD_AST_CONTRACT
UXB-SURFACE-251,BIGF,x86,MISSING,ADD_AST_CONTRACT
UXB-SURFACE-252,BOOLEAN,x64,MISSING,ADD_AST_CONTRACT
UXB-SURFACE-252,BOOLEAN,x86,MISSING,ADD_AST_CONTRACT
UXB-SURFACE-254,F128,x64,MISSING,ADD_AST_CONTRACT
UXB-SURFACE-254,F128,x86,MISSING,ADD_AST_CONTRACT
UXB-SURFACE-255,F32,x64,MISSING,ADD_AST_CONTRACT
UXB-SURFACE-255,F32,x86,MISSING,ADD_AST_CONTRACT
UXB-SURFACE-256,F64,x64,MISSING,ADD_AST_CONTRACT
UXB-SURFACE-256,F64,x86,MISSING,ADD_AST_CONTRACT
UXB-SURFACE-257,F80,x64,MISSING,ADD_AST_CONTRACT
UXB-SURFACE-257,F80,x86,MISSING,ADD_AST_CONTRACT
UXB-SURFACE-258,I16,x64,MISSING,ADD_AST_CONTRACT
UXB-SURFACE-258,I16,x86,MISSING,ADD_AST_CONTRACT
UXB-SURFACE-258,I16,wat,MISSING,ADD_AST_CONTRACT
UXB-SURFACE-258,I16,wasm,MISSING,ADD_AST_CONTRACT
UXB-SURFACE-259,I32,x64,MISSING,ADD_AST_CONTRACT
UXB-SURFACE-259,I32,x86,MISSING,ADD_AST_CONTRACT
UXB-SURFACE-260,I64,x86,MISSING,ADD_AST_CONTRACT
UXB-SURFACE-260,I64,wat,MISSING,ADD_AST_CONTRACT
UXB-SURFACE-260,I64,wasm,MISSING,ADD_AST_CONTRACT
UXB-SURFACE-261,I8,x64,MISSING,ADD_AST_CONTRACT
UXB-SURFACE-261,I8,x86,MISSING,ADD_AST_CONTRACT
UXB-SURFACE-261,I8,wat,MISSING,ADD_AST_CONTRACT
UXB-SURFACE-261,I8,wasm,MISSING,ADD_AST_CONTRACT
UXB-SURFACE-262,OBJECT,x64,MISSING,ADD_AST_CONTRACT
UXB-SURFACE-262,OBJECT,x86,MISSING,ADD_AST_CONTRACT
UXB-SURFACE-265,U16,x64,MISSING,ADD_AST_CONTRACT
UXB-SURFACE-265,U16,x86,MISSING,ADD_AST_CONTRACT
UXB-SURFACE-265,U16,wat,MISSING,ADD_AST_CONTRACT
UXB-SURFACE-265,U16,wasm,MISSING,ADD_AST_CONTRACT
UXB-SURFACE-266,U32,x64,MISSING,ADD_AST_CONTRACT
UXB-SURFACE-266,U32,x86,MISSING,ADD_AST_CONTRACT
UXB-SURFACE-267,U64,x64,MISSING,ADD_AST_CONTRACT
UXB-SURFACE-267,U64,x86,MISSING,ADD_AST_CONTRACT
UXB-SURFACE-268,U8,x64,MISSING,ADD_AST_CONTRACT
UXB-SURFACE-268,U8,x86,MISSING,ADD_AST_CONTRACT
UXB-SURFACE-268,U8,wat,MISSING,ADD_AST_CONTRACT
UXB-SURFACE-268,U8,wasm,MISSING,ADD_AST_CONTRACT
