id,surface_name,layer,status
UXB-SURFACE-001,ABS,type_binding_status,MISSING
UXB-SURFACE-001,ABS,layout_status,MISSING
UXB-SURFACE-001,ABS,hir_status,MISSING
UXB-SURFACE-001,ABS,mir_status,MISSING
UXB-SURFACE-001,ABS,mir_verify_status,MISSING
UXB-SURFACE-001,ABS,mir_json_status,MISSING
UXB-SURFACE-001,ABS,x64_mir_status,MISSING
UXB-SURFACE-001,ABS,x86_status,MISSING
UXB-SURFACE-001,ABS,library_binding_status,MISSING
UXB-SURFACE-002,ASC,type_binding_status,MISSING
UXB-SURFACE-002,ASC,hir_status,MISSING
UXB-SURFACE-002,ASC,mir_verify_status,MISSING
UXB-SURFACE-002,ASC,vscode_evidence_status,MISSING
UXB-SURFACE-003,ATN,ast_contract_status,MISSING
UXB-SURFACE-003,ATN,semantic_status,MISSING
UXB-SURFACE-003,ATN,type_binding_status,MISSING
UXB-SURFACE-003,ATN,layout_status,MISSING
UXB-SURFACE-003,ATN,hir_status,MISSING
UXB-SURFACE-003,ATN,mir_verify_status,MISSING
UXB-SURFACE-003,ATN,mir_json_status,MISSING
UXB-SURFACE-003,ATN,x64_mir_status,MISSING
UXB-SURFACE-003,ATN,x86_status,MISSING
UXB-SURFACE-003,ATN,library_binding_status,MISSING
UXB-SURFACE-003,ATN,vscode_evidence_status,MISSING
UXB-SURFACE-004,CDBL,ast_contract_status,MISSING
UXB-SURFACE-004,CDBL,semantic_status,MISSING
UXB-SURFACE-004,CDBL,type_binding_status,MISSING
UXB-SURFACE-004,CDBL,layout_status,MISSING
UXB-SURFACE-004,CDBL,hir_status,MISSING
UXB-SURFACE-004,CDBL,mir_verify_status,MISSING
UXB-SURFACE-004,CDBL,mir_json_status,MISSING
UXB-SURFACE-004,CDBL,x64_mir_status,MISSING
UXB-SURFACE-004,CDBL,x86_status,MISSING
UXB-SURFACE-004,CDBL,library_binding_status,MISSING
UXB-SURFACE-004,CDBL,vscode_evidence_status,MISSING
UXB-SURFACE-005,CHR,semantic_status,MISSING
UXB-SURFACE-005,CHR,type_binding_status,MISSING
UXB-SURFACE-005,CHR,x64_mir_status,MISSING
UXB-SURFACE-005,CHR,library_binding_status,MISSING
UXB-SURFACE-005,CHR,vscode_evidence_status,MISSING
UXB-SURFACE-006,CINT,ast_contract_status,MISSING
UXB-SURFACE-006,CINT,semantic_status,MISSING
UXB-SURFACE-006,CINT,type_binding_status,MISSING
UXB-SURFACE-006,CINT,layout_status,MISSING
UXB-SURFACE-006,CINT,hir_status,MISSING
UXB-SURFACE-006,CINT,mir_status,MISSING
UXB-SURFACE-006,CINT,mir_verify_status,MISSING
UXB-SURFACE-006,CINT,mir_json_status,MISSING
UXB-SURFACE-006,CINT,x64_mir_status,MISSING
UXB-SURFACE-006,CINT,x86_status,MISSING
UXB-SURFACE-006,CINT,library_binding_status,MISSING
UXB-SURFACE-006,CINT,vscode_evidence_status,MISSING
UXB-SURFACE-007,CLNG,ast_contract_status,MISSING
UXB-SURFACE-007,CLNG,type_binding_status,MISSING
UXB-SURFACE-007,CLNG,layout_status,MISSING
UXB-SURFACE-007,CLNG,hir_status,MISSING
UXB-SURFACE-007,CLNG,mir_status,MISSING
UXB-SURFACE-007,CLNG,mir_verify_status,MISSING
UXB-SURFACE-007,CLNG,mir_json_status,MISSING
UXB-SURFACE-007,CLNG,x64_mir_status,MISSING
UXB-SURFACE-007,CLNG,x86_status,MISSING
UXB-SURFACE-007,CLNG,library_binding_status,MISSING
UXB-SURFACE-007,CLNG,vscode_evidence_status,MISSING
UXB-SURFACE-008,COS,ast_contract_status,MISSING
UXB-SURFACE-008,COS,semantic_status,MISSING
UXB-SURFACE-008,COS,type_binding_status,MISSING
UXB-SURFACE-008,COS,layout_status,MISSING
UXB-SURFACE-008,COS,hir_status,MISSING
UXB-SURFACE-008,COS,mir_verify_status,MISSING
UXB-SURFACE-008,COS,mir_json_status,MISSING
UXB-SURFACE-008,COS,x64_mir_status,MISSING
UXB-SURFACE-008,COS,x86_status,MISSING
UXB-SURFACE-008,COS,library_binding_status,MISSING
UXB-SURFACE-008,COS,vscode_evidence_status,MISSING
UXB-SURFACE-009,CSNG,ast_contract_status,MISSING
UXB-SURFACE-009,CSNG,semantic_status,MISSING
UXB-SURFACE-009,CSNG,type_binding_status,MISSING
UXB-SURFACE-009,CSNG,layout_status,MISSING
UXB-SURFACE-009,CSNG,hir_status,MISSING
UXB-SURFACE-009,CSNG,mir_verify_status,MISSING
UXB-SURFACE-009,CSNG,mir_json_status,MISSING
UXB-SURFACE-009,CSNG,x64_mir_status,MISSING
UXB-SURFACE-009,CSNG,x86_status,MISSING
UXB-SURFACE-009,CSNG,library_binding_status,MISSING
UXB-SURFACE-009,CSNG,vscode_evidence_status,MISSING
UXB-SURFACE-010,DECORATOR,ast_contract_status,MISSING
UXB-SURFACE-010,DECORATOR,type_binding_status,MISSING
UXB-SURFACE-010,DECORATOR,layout_status,MISSING
UXB-SURFACE-010,DECORATOR,hir_status,MISSING
UXB-SURFACE-010,DECORATOR,mir_status,MISSING
UXB-SURFACE-010,DECORATOR,mir_verify_status,MISSING
UXB-SURFACE-010,DECORATOR,mir_json_status,MISSING
UXB-SURFACE-010,DECORATOR,mir_interpreter_status,MISSING
UXB-SURFACE-010,DECORATOR,x64_ast_status,MISSING
UXB-SURFACE-010,DECORATOR,x86_status,MISSING
UXB-SURFACE-010,DECORATOR,library_binding_status,MISSING
UXB-SURFACE-011,EOF,semantic_status,MISSING
UXB-SURFACE-011,EOF,type_binding_status,MISSING
UXB-SURFACE-011,EOF,hir_status,MISSING
UXB-SURFACE-011,EOF,mir_status,MISSING
UXB-SURFACE-011,EOF,mir_verify_status,MISSING
UXB-SURFACE-011,EOF,mir_json_status,MISSING
UXB-SURFACE-011,EOF,x86_status,MISSING
UXB-SURFACE-012,EVENT,ast_contract_status,MISSING
UXB-SURFACE-012,EVENT,type_binding_status,MISSING
UXB-SURFACE-012,EVENT,layout_status,MISSING
UXB-SURFACE-012,EVENT,mir_status,MISSING
UXB-SURFACE-012,EVENT,mir_verify_status,MISSING
UXB-SURFACE-012,EVENT,mir_json_status,MISSING
UXB-SURFACE-012,EVENT,x64_mir_status,MISSING
UXB-SURFACE-012,EVENT,x86_status,MISSING
UXB-SURFACE-012,EVENT,library_binding_status,MISSING
UXB-SURFACE-013,EXP,type_binding_status,MISSING
UXB-SURFACE-013,EXP,mir_verify_status,MISSING
UXB-SURFACE-013,EXP,x64_mir_status,MISSING
UXB-SURFACE-014,FIX,ast_contract_status,MISSING
UXB-SURFACE-014,FIX,type_binding_status,MISSING
UXB-SURFACE-014,FIX,layout_status,MISSING
UXB-SURFACE-014,FIX,hir_status,MISSING
UXB-SURFACE-014,FIX,mir_verify_status,MISSING
UXB-SURFACE-014,FIX,mir_json_status,MISSING
UXB-SURFACE-014,FIX,x64_mir_status,MISSING
UXB-SURFACE-015,GETKEY,ast_contract_status,MISSING
UXB-SURFACE-015,GETKEY,semantic_status,MISSING
UXB-SURFACE-015,GETKEY,type_binding_status,MISSING
UXB-SURFACE-015,GETKEY,layout_status,MISSING
UXB-SURFACE-015,GETKEY,hir_status,MISSING
UXB-SURFACE-015,GETKEY,mir_status,MISSING
UXB-SURFACE-015,GETKEY,mir_verify_status,MISSING
UXB-SURFACE-015,GETKEY,mir_json_status,MISSING
UXB-SURFACE-015,GETKEY,x64_mir_status,MISSING
UXB-SURFACE-015,GETKEY,x86_status,MISSING
UXB-SURFACE-015,GETKEY,library_binding_status,MISSING
UXB-SURFACE-015,GETKEY,vscode_evidence_status,MISSING
UXB-SURFACE-016,INKEY,ast_contract_status,MISSING
UXB-SURFACE-016,INKEY,semantic_status,MISSING
UXB-SURFACE-016,INKEY,type_binding_status,MISSING
UXB-SURFACE-016,INKEY,layout_status,MISSING
UXB-SURFACE-016,INKEY,hir_status,MISSING
UXB-SURFACE-016,INKEY,mir_status,MISSING
UXB-SURFACE-016,INKEY,mir_verify_status,MISSING
UXB-SURFACE-016,INKEY,mir_json_status,MISSING
UXB-SURFACE-016,INKEY,x64_mir_status,MISSING
UXB-SURFACE-016,INKEY,x86_status,MISSING
UXB-SURFACE-016,INKEY,library_binding_status,MISSING
UXB-SURFACE-016,INKEY,vscode_evidence_status,MISSING
UXB-SURFACE-017,INLINE,type_binding_status,MISSING
UXB-SURFACE-017,INLINE,layout_status,MISSING
UXB-SURFACE-017,INLINE,hir_status,MISSING
UXB-SURFACE-017,INLINE,mir_status,MISSING
UXB-SURFACE-017,INLINE,mir_verify_status,MISSING
UXB-SURFACE-017,INLINE,mir_json_status,MISSING
UXB-SURFACE-017,INLINE,mir_interpreter_status,MISSING
UXB-SURFACE-017,INLINE,x64_ast_status,MISSING
UXB-SURFACE-017,INLINE,x64_mir_status,MISSING
UXB-SURFACE-017,INLINE,x86_status,MISSING
UXB-SURFACE-017,INLINE,library_binding_status,MISSING
UXB-SURFACE-019,LCASE,ast_contract_status,MISSING
UXB-SURFACE-019,LCASE,semantic_status,MISSING
UXB-SURFACE-019,LCASE,type_binding_status,MISSING
UXB-SURFACE-019,LCASE,layout_status,MISSING
UXB-SURFACE-019,LCASE,hir_status,MISSING
UXB-SURFACE-019,LCASE,mir_status,MISSING
UXB-SURFACE-019,LCASE,mir_verify_status,MISSING
UXB-SURFACE-019,LCASE,mir_json_status,MISSING
UXB-SURFACE-019,LCASE,x64_mir_status,MISSING
UXB-SURFACE-019,LCASE,x86_status,MISSING
UXB-SURFACE-019,LCASE,library_binding_status,MISSING
UXB-SURFACE-019,LCASE,vscode_evidence_status,MISSING
UXB-SURFACE-020,LEN,type_binding_status,MISSING
UXB-SURFACE-021,LOF,ast_contract_status,MISSING
UXB-SURFACE-021,LOF,semantic_status,MISSING
UXB-SURFACE-021,LOF,type_binding_status,MISSING
UXB-SURFACE-021,LOF,layout_status,MISSING
UXB-SURFACE-021,LOF,hir_status,MISSING
UXB-SURFACE-021,LOF,mir_status,MISSING
UXB-SURFACE-021,LOF,mir_verify_status,MISSING
UXB-SURFACE-021,LOF,mir_json_status,MISSING
UXB-SURFACE-021,LOF,mir_interpreter_status,MISSING
UXB-SURFACE-021,LOF,x86_status,MISSING
UXB-SURFACE-021,LOF,library_binding_status,MISSING
UXB-SURFACE-021,LOF,vscode_evidence_status,MISSING
UXB-SURFACE-022,LOG,ast_contract_status,MISSING
UXB-SURFACE-022,LOG,type_binding_status,MISSING
UXB-SURFACE-022,LOG,layout_status,MISSING
UXB-SURFACE-022,LOG,hir_status,MISSING
UXB-SURFACE-022,LOG,mir_verify_status,MISSING
UXB-SURFACE-022,LOG,mir_json_status,MISSING
UXB-SURFACE-022,LOG,x86_status,MISSING
UXB-SURFACE-022,LOG,library_binding_status,MISSING
UXB-SURFACE-023,LTRIM,type_binding_status,MISSING
UXB-SURFACE-023,LTRIM,hir_status,MISSING
UXB-SURFACE-023,LTRIM,x64_mir_status,MISSING
UXB-SURFACE-023,LTRIM,library_binding_status,MISSING
UXB-SURFACE-023,LTRIM,vscode_evidence_status,MISSING
UXB-SURFACE-024,MAGIC,ast_contract_status,MISSING
UXB-SURFACE-024,MAGIC,type_binding_status,MISSING
UXB-SURFACE-024,MAGIC,layout_status,MISSING
UXB-SURFACE-024,MAGIC,hir_status,MISSING
UXB-SURFACE-024,MAGIC,mir_status,MISSING
UXB-SURFACE-024,MAGIC,mir_verify_status,MISSING
UXB-SURFACE-024,MAGIC,mir_json_status,MISSING
UXB-SURFACE-024,MAGIC,mir_interpreter_status,MISSING
UXB-SURFACE-024,MAGIC,x64_ast_status,MISSING
UXB-SURFACE-024,MAGIC,x86_status,MISSING
UXB-SURFACE-024,MAGIC,library_binding_status,MISSING
UXB-SURFACE-025,MID,type_binding_status,MISSING
UXB-SURFACE-025,MID,vscode_evidence_status,MISSING
UXB-SURFACE-026,MIXIN,ast_contract_status,MISSING
UXB-SURFACE-026,MIXIN,type_binding_status,MISSING
UXB-SURFACE-026,MIXIN,layout_status,MISSING
UXB-SURFACE-026,MIXIN,hir_status,MISSING
UXB-SURFACE-026,MIXIN,mir_status,MISSING
UXB-SURFACE-026,MIXIN,mir_verify_status,MISSING
UXB-SURFACE-026,MIXIN,mir_json_status,MISSING
UXB-SURFACE-026,MIXIN,mir_interpreter_status,MISSING
UXB-SURFACE-026,MIXIN,x64_ast_status,MISSING
UXB-SURFACE-026,MIXIN,x86_status,MISSING
UXB-SURFACE-026,MIXIN,library_binding_status,MISSING
UXB-SURFACE-027,OFF,semantic_status,MISSING
UXB-SURFACE-027,OFF,hir_status,MISSING
UXB-SURFACE-027,OFF,mir_verify_status,MISSING
UXB-SURFACE-027,OFF,mir_json_status,MISSING
UXB-SURFACE-027,OFF,x86_status,MISSING
UXB-SURFACE-029,OVERRIDE,type_binding_status,MISSING
UXB-SURFACE-029,OVERRIDE,layout_status,MISSING
UXB-SURFACE-029,OVERRIDE,hir_status,MISSING
UXB-SURFACE-029,OVERRIDE,mir_status,MISSING
UXB-SURFACE-029,OVERRIDE,mir_verify_status,MISSING
UXB-SURFACE-029,OVERRIDE,mir_json_status,MISSING
UXB-SURFACE-029,OVERRIDE,mir_interpreter_status,MISSING
UXB-SURFACE-029,OVERRIDE,x86_status,MISSING
UXB-SURFACE-029,OVERRIDE,library_binding_status,MISSING
UXB-SURFACE-030,PARALEL,ast_contract_status,MISSING
UXB-SURFACE-030,PARALEL,type_binding_status,MISSING
UXB-SURFACE-030,PARALEL,layout_status,MISSING
UXB-SURFACE-030,PARALEL,mir_status,MISSING
UXB-SURFACE-030,PARALEL,mir_verify_status,MISSING
UXB-SURFACE-030,PARALEL,mir_json_status,MISSING
UXB-SURFACE-030,PARALEL,x64_mir_status,MISSING
UXB-SURFACE-030,PARALEL,x86_status,MISSING
UXB-SURFACE-030,PARALEL,library_binding_status,MISSING
UXB-SURFACE-030,PARALEL,vscode_evidence_status,MISSING
UXB-SURFACE-031,PARALLEL,parser_status,MISSING
UXB-SURFACE-031,PARALLEL,ast_contract_status,MISSING
UXB-SURFACE-031,PARALLEL,semantic_status,MISSING
UXB-SURFACE-031,PARALLEL,type_binding_status,MISSING
UXB-SURFACE-031,PARALLEL,layout_status,MISSING
UXB-SURFACE-031,PARALLEL,hir_status,MISSING
UXB-SURFACE-031,PARALLEL,mir_status,MISSING
UXB-SURFACE-031,PARALLEL,mir_verify_status,MISSING
UXB-SURFACE-031,PARALLEL,mir_json_status,MISSING
UXB-SURFACE-031,PARALLEL,ast_interpreter_status,MISSING
UXB-SURFACE-031,PARALLEL,mir_interpreter_status,MISSING
UXB-SURFACE-031,PARALLEL,x64_ast_status,MISSING
UXB-SURFACE-031,PARALLEL,x86_status,MISSING
UXB-SURFACE-031,PARALLEL,library_binding_status,MISSING
UXB-SURFACE-031,PARALLEL,vscode_evidence_status,MISSING
UXB-SURFACE-032,PIPE,ast_contract_status,MISSING
UXB-SURFACE-032,PIPE,type_binding_status,MISSING
UXB-SURFACE-032,PIPE,layout_status,MISSING
UXB-SURFACE-032,PIPE,mir_status,MISSING
UXB-SURFACE-032,PIPE,mir_verify_status,MISSING
UXB-SURFACE-032,PIPE,x64_mir_status,MISSING
UXB-SURFACE-032,PIPE,x86_status,MISSING
UXB-SURFACE-032,PIPE,library_binding_status,MISSING
UXB-SURFACE-033,RANDOMIZE,ast_contract_status,MISSING
UXB-SURFACE-033,RANDOMIZE,semantic_status,MISSING
UXB-SURFACE-033,RANDOMIZE,type_binding_status,MISSING
UXB-SURFACE-033,RANDOMIZE,layout_status,MISSING
UXB-SURFACE-033,RANDOMIZE,hir_status,MISSING
UXB-SURFACE-033,RANDOMIZE,mir_verify_status,MISSING
UXB-SURFACE-033,RANDOMIZE,mir_json_status,MISSING
UXB-SURFACE-033,RANDOMIZE,x86_status,MISSING
UXB-SURFACE-033,RANDOMIZE,library_binding_status,MISSING
UXB-SURFACE-033,RANDOMIZE,vscode_evidence_status,MISSING
UXB-SURFACE-034,RND,ast_contract_status,MISSING
UXB-SURFACE-034,RND,semantic_status,MISSING
UXB-SURFACE-034,RND,type_binding_status,MISSING
UXB-SURFACE-034,RND,layout_status,MISSING
UXB-SURFACE-034,RND,hir_status,MISSING
UXB-SURFACE-034,RND,mir_verify_status,MISSING
UXB-SURFACE-034,RND,mir_json_status,MISSING
UXB-SURFACE-034,RND,x64_mir_status,MISSING
UXB-SURFACE-034,RND,x86_status,MISSING
UXB-SURFACE-034,RND,library_binding_status,MISSING
UXB-SURFACE-034,RND,vscode_evidence_status,MISSING
UXB-SURFACE-035,RTRIM,ast_contract_status,MISSING
UXB-SURFACE-035,RTRIM,semantic_status,MISSING
UXB-SURFACE-035,RTRIM,type_binding_status,MISSING
UXB-SURFACE-035,RTRIM,layout_status,MISSING
UXB-SURFACE-035,RTRIM,hir_status,MISSING
UXB-SURFACE-035,RTRIM,mir_status,MISSING
UXB-SURFACE-035,RTRIM,mir_verify_status,MISSING
UXB-SURFACE-035,RTRIM,mir_json_status,MISSING
UXB-SURFACE-035,RTRIM,x64_mir_status,MISSING
UXB-SURFACE-035,RTRIM,x86_status,MISSING
UXB-SURFACE-035,RTRIM,library_binding_status,MISSING
UXB-SURFACE-035,RTRIM,vscode_evidence_status,MISSING
UXB-SURFACE-036,SETSTRINGSIZE,ast_contract_status,MISSING
UXB-SURFACE-036,SETSTRINGSIZE,semantic_status,MISSING
UXB-SURFACE-036,SETSTRINGSIZE,type_binding_status,MISSING
UXB-SURFACE-036,SETSTRINGSIZE,layout_status,MISSING
UXB-SURFACE-036,SETSTRINGSIZE,hir_status,MISSING
UXB-SURFACE-036,SETSTRINGSIZE,mir_verify_status,MISSING
UXB-SURFACE-036,SETSTRINGSIZE,mir_json_status,MISSING
UXB-SURFACE-036,SETSTRINGSIZE,x86_status,MISSING
UXB-SURFACE-036,SETSTRINGSIZE,library_binding_status,MISSING
UXB-SURFACE-036,SETSTRINGSIZE,vscode_evidence_status,MISSING
UXB-SURFACE-037,SGN,ast_contract_status,MISSING
UXB-SURFACE-037,SGN,semantic_status,MISSING
UXB-SURFACE-037,SGN,type_binding_status,MISSING
UXB-SURFACE-037,SGN,layout_status,MISSING
UXB-SURFACE-037,SGN,hir_status,MISSING
UXB-SURFACE-037,SGN,mir_verify_status,MISSING
UXB-SURFACE-037,SGN,mir_json_status,MISSING
UXB-SURFACE-037,SGN,x64_mir_status,MISSING
UXB-SURFACE-037,SGN,x86_status,MISSING
UXB-SURFACE-037,SGN,library_binding_status,MISSING
UXB-SURFACE-037,SGN,vscode_evidence_status,MISSING
UXB-SURFACE-038,SIHIRLIMETOT,ast_contract_status,MISSING
UXB-SURFACE-038,SIHIRLIMETOT,type_binding_status,MISSING
UXB-SURFACE-038,SIHIRLIMETOT,layout_status,MISSING
UXB-SURFACE-038,SIHIRLIMETOT,hir_status,MISSING
UXB-SURFACE-038,SIHIRLIMETOT,mir_status,MISSING
UXB-SURFACE-038,SIHIRLIMETOT,mir_verify_status,MISSING
UXB-SURFACE-038,SIHIRLIMETOT,mir_json_status,MISSING
UXB-SURFACE-038,SIHIRLIMETOT,ast_interpreter_status,MISSING
UXB-SURFACE-038,SIHIRLIMETOT,mir_interpreter_status,MISSING
UXB-SURFACE-038,SIHIRLIMETOT,x64_ast_status,MISSING
UXB-SURFACE-038,SIHIRLIMETOT,x64_mir_status,MISSING
UXB-SURFACE-038,SIHIRLIMETOT,x86_status,MISSING
UXB-SURFACE-038,SIHIRLIMETOT,library_binding_status,MISSING
UXB-SURFACE-039,SIN,hir_status,MISSING
UXB-SURFACE-040,SLOT,ast_contract_status,MISSING
UXB-SURFACE-040,SLOT,type_binding_status,MISSING
UXB-SURFACE-040,SLOT,layout_status,MISSING
UXB-SURFACE-040,SLOT,hir_status,MISSING
UXB-SURFACE-040,SLOT,mir_verify_status,MISSING
UXB-SURFACE-040,SLOT,mir_json_status,MISSING
UXB-SURFACE-040,SLOT,x86_status,MISSING
UXB-SURFACE-041,SPACE,semantic_status,MISSING
UXB-SURFACE-041,SPACE,type_binding_status,MISSING
UXB-SURFACE-041,SPACE,mir_verify_status,MISSING
UXB-SURFACE-041,SPACE,mir_json_status,MISSING
UXB-SURFACE-041,SPACE,x86_status,MISSING
UXB-SURFACE-041,SPACE,library_binding_status,MISSING
UXB-SURFACE-042,SQR,ast_contract_status,MISSING
UXB-SURFACE-042,SQR,semantic_status,MISSING
UXB-SURFACE-042,SQR,type_binding_status,MISSING
UXB-SURFACE-042,SQR,layout_status,MISSING
UXB-SURFACE-042,SQR,hir_status,MISSING
UXB-SURFACE-042,SQR,mir_verify_status,MISSING
UXB-SURFACE-042,SQR,mir_json_status,MISSING
UXB-SURFACE-042,SQR,x64_mir_status,MISSING
UXB-SURFACE-042,SQR,x86_status,MISSING
UXB-SURFACE-042,SQR,library_binding_status,MISSING
UXB-SURFACE-042,SQR,vscode_evidence_status,MISSING
UXB-SURFACE-043,SQRT,ast_contract_status,MISSING
UXB-SURFACE-043,SQRT,semantic_status,MISSING
UXB-SURFACE-043,SQRT,type_binding_status,MISSING
UXB-SURFACE-043,SQRT,layout_status,MISSING
UXB-SURFACE-043,SQRT,hir_status,MISSING
UXB-SURFACE-043,SQRT,mir_status,MISSING
UXB-SURFACE-043,SQRT,mir_verify_status,MISSING
UXB-SURFACE-043,SQRT,mir_json_status,MISSING
UXB-SURFACE-043,SQRT,mir_interpreter_status,MISSING
UXB-SURFACE-043,SQRT,x64_mir_status,MISSING
UXB-SURFACE-043,SQRT,x86_status,MISSING
UXB-SURFACE-043,SQRT,library_binding_status,MISSING
UXB-SURFACE-043,SQRT,vscode_evidence_status,MISSING
UXB-SURFACE-045,STRPTR,ast_contract_status,MISSING
UXB-SURFACE-045,STRPTR,semantic_status,MISSING
UXB-SURFACE-045,STRPTR,type_binding_status,MISSING
UXB-SURFACE-045,STRPTR,layout_status,MISSING
UXB-SURFACE-045,STRPTR,hir_status,MISSING
UXB-SURFACE-045,STRPTR,mir_status,MISSING
UXB-SURFACE-045,STRPTR,mir_verify_status,MISSING
UXB-SURFACE-045,STRPTR,mir_json_status,MISSING
UXB-SURFACE-045,STRPTR,x64_ast_status,MISSING
UXB-SURFACE-045,STRPTR,x64_mir_status,MISSING
UXB-SURFACE-045,STRPTR,x86_status,MISSING
UXB-SURFACE-045,STRPTR,library_binding_status,MISSING
UXB-SURFACE-045,STRPTR,vscode_evidence_status,MISSING
UXB-SURFACE-046,TAN,ast_contract_status,MISSING
UXB-SURFACE-046,TAN,type_binding_status,MISSING
UXB-SURFACE-046,TAN,hir_status,MISSING
UXB-SURFACE-046,TAN,mir_verify_status,MISSING
UXB-SURFACE-046,TAN,mir_json_status,MISSING
UXB-SURFACE-046,TAN,x64_mir_status,MISSING
UXB-SURFACE-046,TAN,x86_status,MISSING
UXB-SURFACE-047,THREAD,ast_contract_status,MISSING
UXB-SURFACE-047,THREAD,type_binding_status,MISSING
UXB-SURFACE-047,THREAD,layout_status,MISSING
UXB-SURFACE-047,THREAD,mir_verify_status,MISSING
UXB-SURFACE-047,THREAD,mir_json_status,MISSING
UXB-SURFACE-047,THREAD,x64_mir_status,MISSING
UXB-SURFACE-047,THREAD,x86_status,MISSING
UXB-SURFACE-048,THREAT,parser_status,MISSING
UXB-SURFACE-048,THREAT,ast_contract_status,MISSING
UXB-SURFACE-048,THREAT,semantic_status,MISSING
UXB-SURFACE-048,THREAT,type_binding_status,MISSING
UXB-SURFACE-048,THREAT,layout_status,MISSING
UXB-SURFACE-048,THREAT,hir_status,MISSING
UXB-SURFACE-048,THREAT,mir_status,MISSING
UXB-SURFACE-048,THREAT,mir_verify_status,MISSING
UXB-SURFACE-048,THREAT,mir_json_status,MISSING
UXB-SURFACE-048,THREAT,ast_interpreter_status,MISSING
UXB-SURFACE-048,THREAT,mir_interpreter_status,MISSING
UXB-SURFACE-048,THREAT,x64_ast_status,MISSING
UXB-SURFACE-048,THREAT,x64_mir_status,MISSING
UXB-SURFACE-048,THREAT,x86_status,MISSING
UXB-SURFACE-048,THREAT,library_binding_status,MISSING
UXB-SURFACE-048,THREAT,vscode_evidence_status,MISSING
UXB-SURFACE-048,THREAT,test_status,MISSING
UXB-SURFACE-049,TIMER,ast_contract_status,MISSING
UXB-SURFACE-049,TIMER,semantic_status,MISSING
UXB-SURFACE-049,TIMER,type_binding_status,MISSING
UXB-SURFACE-049,TIMER,layout_status,MISSING
UXB-SURFACE-049,TIMER,hir_status,MISSING
UXB-SURFACE-049,TIMER,mir_verify_status,MISSING
UXB-SURFACE-049,TIMER,mir_json_status,MISSING
UXB-SURFACE-049,TIMER,x64_mir_status,MISSING
UXB-SURFACE-049,TIMER,x86_status,MISSING
UXB-SURFACE-049,TIMER,library_binding_status,MISSING
UXB-SURFACE-049,TIMER,vscode_evidence_status,MISSING
UXB-SURFACE-050,TRIGGER,ast_contract_status,MISSING
UXB-SURFACE-050,TRIGGER,type_binding_status,MISSING
UXB-SURFACE-050,TRIGGER,layout_status,MISSING
UXB-SURFACE-050,TRIGGER,hir_status,MISSING
UXB-SURFACE-050,TRIGGER,mir_status,MISSING
UXB-SURFACE-050,TRIGGER,mir_verify_status,MISSING
UXB-SURFACE-050,TRIGGER,mir_json_status,MISSING
UXB-SURFACE-050,TRIGGER,x64_mir_status,MISSING
UXB-SURFACE-050,TRIGGER,x86_status,MISSING
UXB-SURFACE-050,TRIGGER,library_binding_status,MISSING
UXB-SURFACE-051,UCASE,library_binding_status,MISSING
UXB-SURFACE-051,UCASE,vscode_evidence_status,MISSING
UXB-SURFACE-053,VIRTUAL,type_binding_status,MISSING
UXB-SURFACE-053,VIRTUAL,layout_status,MISSING
UXB-SURFACE-053,VIRTUAL,hir_status,MISSING
UXB-SURFACE-053,VIRTUAL,mir_status,MISSING
UXB-SURFACE-053,VIRTUAL,mir_verify_status,MISSING
UXB-SURFACE-053,VIRTUAL,mir_json_status,MISSING
UXB-SURFACE-053,VIRTUAL,mir_interpreter_status,MISSING
UXB-SURFACE-053,VIRTUAL,x86_status,MISSING
UXB-SURFACE-053,VIRTUAL,library_binding_status,MISSING
UXB-SURFACE-054,ARRAY,ast_contract_status,MISSING
UXB-SURFACE-054,ARRAY,semantic_status,MISSING
UXB-SURFACE-054,ARRAY,x86_status,MISSING
UXB-SURFACE-054,ARRAY,library_binding_status,MISSING
UXB-SURFACE-055,DICT,ast_contract_status,MISSING
UXB-SURFACE-055,DICT,semantic_status,MISSING
UXB-SURFACE-055,DICT,mir_status,MISSING
UXB-SURFACE-055,DICT,mir_verify_status,MISSING
UXB-SURFACE-055,DICT,mir_json_status,MISSING
UXB-SURFACE-055,DICT,x64_ast_status,MISSING
UXB-SURFACE-055,DICT,x64_mir_status,MISSING
UXB-SURFACE-055,DICT,x86_status,MISSING
UXB-SURFACE-056,LIST,mir_verify_status,MISSING
UXB-SURFACE-056,LIST,mir_json_status,MISSING
UXB-SURFACE-056,LIST,x64_mir_status,MISSING
UXB-SURFACE-056,LIST,library_binding_status,MISSING
UXB-SURFACE-057,SET,mir_verify_status,MISSING
UXB-SURFACE-057,SET,mir_json_status,MISSING
UXB-SURFACE-057,SET,x86_status,MISSING
UXB-SURFACE-058,ABSTRACT,type_binding_status,MISSING
UXB-SURFACE-058,ABSTRACT,layout_status,MISSING
UXB-SURFACE-058,ABSTRACT,hir_status,MISSING
UXB-SURFACE-058,ABSTRACT,mir_status,MISSING
UXB-SURFACE-058,ABSTRACT,mir_verify_status,MISSING
UXB-SURFACE-058,ABSTRACT,mir_json_status,MISSING
UXB-SURFACE-058,ABSTRACT,vscode_evidence_status,MISSING
UXB-SURFACE-059,ALIAS,semantic_status,MISSING
UXB-SURFACE-059,ALIAS,type_binding_status,MISSING
UXB-SURFACE-059,ALIAS,layout_status,MISSING
UXB-SURFACE-059,ALIAS,hir_status,MISSING
UXB-SURFACE-059,ALIAS,mir_verify_status,MISSING
UXB-SURFACE-059,ALIAS,mir_json_status,MISSING
UXB-SURFACE-060,BYREF,vscode_evidence_status,MISSING
UXB-SURFACE-061,BYVAL,vscode_evidence_status,MISSING
UXB-SURFACE-062,CDECL,ast_contract_status,MISSING
UXB-SURFACE-062,CDECL,semantic_status,MISSING
UXB-SURFACE-062,CDECL,type_binding_status,MISSING
UXB-SURFACE-062,CDECL,layout_status,MISSING
UXB-SURFACE-062,CDECL,hir_status,MISSING
UXB-SURFACE-062,CDECL,mir_verify_status,MISSING
UXB-SURFACE-062,CDECL,mir_json_status,MISSING
UXB-SURFACE-062,CDECL,vscode_evidence_status,MISSING
UXB-SURFACE-063,FINAL,type_binding_status,MISSING
UXB-SURFACE-063,FINAL,layout_status,MISSING
UXB-SURFACE-063,FINAL,hir_status,MISSING
UXB-SURFACE-063,FINAL,mir_verify_status,MISSING
UXB-SURFACE-064,FRIEND,semantic_status,MISSING
UXB-SURFACE-064,FRIEND,type_binding_status,MISSING
UXB-SURFACE-064,FRIEND,layout_status,MISSING
UXB-SURFACE-064,FRIEND,hir_status,MISSING
UXB-SURFACE-064,FRIEND,mir_status,MISSING
UXB-SURFACE-064,FRIEND,mir_verify_status,MISSING
UXB-SURFACE-064,FRIEND,mir_json_status,MISSING
UXB-SURFACE-065,IMMUTABLE,ast_contract_status,MISSING
UXB-SURFACE-065,IMMUTABLE,semantic_status,MISSING
UXB-SURFACE-065,IMMUTABLE,type_binding_status,MISSING
UXB-SURFACE-065,IMMUTABLE,layout_status,MISSING
UXB-SURFACE-065,IMMUTABLE,hir_status,MISSING
UXB-SURFACE-065,IMMUTABLE,mir_verify_status,MISSING
UXB-SURFACE-065,IMMUTABLE,mir_json_status,MISSING
UXB-SURFACE-065,IMMUTABLE,vscode_evidence_status,MISSING
UXB-SURFACE-066,IMPORT,type_binding_status,MISSING
UXB-SURFACE-066,IMPORT,layout_status,MISSING
UXB-SURFACE-066,IMPORT,hir_status,MISSING
UXB-SURFACE-066,IMPORT,mir_status,MISSING
UXB-SURFACE-066,IMPORT,mir_verify_status,MISSING
UXB-SURFACE-066,IMPORT,mir_json_status,MISSING
UXB-SURFACE-067,INCLUDE,type_binding_status,MISSING
UXB-SURFACE-067,INCLUDE,hir_status,MISSING
UXB-SURFACE-067,INCLUDE,mir_json_status,MISSING
UXB-SURFACE-068,MODULE,semantic_status,MISSING
UXB-SURFACE-068,MODULE,type_binding_status,MISSING
UXB-SURFACE-068,MODULE,layout_status,MISSING
UXB-SURFACE-069,MUTABLE,ast_contract_status,MISSING
UXB-SURFACE-069,MUTABLE,semantic_status,MISSING
UXB-SURFACE-069,MUTABLE,type_binding_status,MISSING
UXB-SURFACE-069,MUTABLE,layout_status,MISSING
UXB-SURFACE-069,MUTABLE,hir_status,MISSING
UXB-SURFACE-069,MUTABLE,mir_verify_status,MISSING
UXB-SURFACE-069,MUTABLE,mir_json_status,MISSING
UXB-SURFACE-069,MUTABLE,vscode_evidence_status,MISSING
UXB-SURFACE-070,NAMESPACE,semantic_status,MISSING
UXB-SURFACE-070,NAMESPACE,type_binding_status,MISSING
UXB-SURFACE-070,NAMESPACE,layout_status,MISSING
UXB-SURFACE-070,NAMESPACE,mir_status,MISSING
UXB-SURFACE-070,NAMESPACE,mir_verify_status,MISSING
UXB-SURFACE-070,NAMESPACE,mir_json_status,MISSING
UXB-SURFACE-072,PROTECTED,semantic_status,MISSING
UXB-SURFACE-072,PROTECTED,type_binding_status,MISSING
UXB-SURFACE-072,PROTECTED,layout_status,MISSING
UXB-SURFACE-072,PROTECTED,hir_status,MISSING
UXB-SURFACE-072,PROTECTED,mir_status,MISSING
UXB-SURFACE-072,PROTECTED,mir_verify_status,MISSING
UXB-SURFACE-072,PROTECTED,mir_json_status,MISSING
UXB-SURFACE-073,PUBLIC,semantic_status,MISSING
UXB-SURFACE-073,PUBLIC,type_binding_status,MISSING
UXB-SURFACE-073,PUBLIC,layout_status,MISSING
UXB-SURFACE-073,PUBLIC,hir_status,MISSING
UXB-SURFACE-073,PUBLIC,mir_status,MISSING
UXB-SURFACE-073,PUBLIC,mir_verify_status,MISSING
UXB-SURFACE-073,PUBLIC,mir_json_status,MISSING
UXB-SURFACE-074,READONLY,ast_contract_status,MISSING
UXB-SURFACE-074,READONLY,semantic_status,MISSING
UXB-SURFACE-074,READONLY,type_binding_status,MISSING
UXB-SURFACE-074,READONLY,layout_status,MISSING
UXB-SURFACE-074,READONLY,hir_status,MISSING
UXB-SURFACE-074,READONLY,mir_verify_status,MISSING
UXB-SURFACE-074,READONLY,mir_json_status,MISSING
UXB-SURFACE-074,READONLY,vscode_evidence_status,MISSING
UXB-SURFACE-075,RESTRICTED,ast_contract_status,MISSING
UXB-SURFACE-075,RESTRICTED,semantic_status,MISSING
UXB-SURFACE-075,RESTRICTED,type_binding_status,MISSING
UXB-SURFACE-075,RESTRICTED,layout_status,MISSING
UXB-SURFACE-075,RESTRICTED,hir_status,MISSING
UXB-SURFACE-075,RESTRICTED,mir_status,MISSING
UXB-SURFACE-075,RESTRICTED,mir_verify_status,MISSING
UXB-SURFACE-075,RESTRICTED,mir_json_status,MISSING
UXB-SURFACE-076,SEALED,ast_contract_status,MISSING
UXB-SURFACE-076,SEALED,type_binding_status,MISSING
UXB-SURFACE-076,SEALED,layout_status,MISSING
UXB-SURFACE-076,SEALED,hir_status,MISSING
UXB-SURFACE-076,SEALED,mir_status,MISSING
UXB-SURFACE-076,SEALED,mir_verify_status,MISSING
UXB-SURFACE-076,SEALED,mir_json_status,MISSING
UXB-SURFACE-076,SEALED,vscode_evidence_status,MISSING
UXB-SURFACE-077,STATIC,semantic_status,MISSING
UXB-SURFACE-077,STATIC,type_binding_status,MISSING
UXB-SURFACE-077,STATIC,layout_status,MISSING
UXB-SURFACE-077,STATIC,hir_status,MISSING
UXB-SURFACE-077,STATIC,mir_verify_status,MISSING
UXB-SURFACE-077,STATIC,mir_json_status,MISSING
UXB-SURFACE-077,STATIC,vscode_evidence_status,MISSING
UXB-SURFACE-078,STDCALL,ast_contract_status,MISSING
UXB-SURFACE-078,STDCALL,semantic_status,MISSING
UXB-SURFACE-078,STDCALL,type_binding_status,MISSING
UXB-SURFACE-078,STDCALL,layout_status,MISSING
UXB-SURFACE-078,STDCALL,hir_status,MISSING
UXB-SURFACE-078,STDCALL,mir_verify_status,MISSING
UXB-SURFACE-078,STDCALL,mir_json_status,MISSING
UXB-SURFACE-078,STDCALL,vscode_evidence_status,MISSING
UXB-SURFACE-079,USING,semantic_status,MISSING
UXB-SURFACE-079,USING,type_binding_status,MISSING
UXB-SURFACE-079,USING,layout_status,MISSING
UXB-SURFACE-079,USING,hir_status,MISSING
UXB-SURFACE-079,USING,mir_status,MISSING
UXB-SURFACE-079,USING,mir_verify_status,MISSING
UXB-SURFACE-079,USING,mir_json_status,MISSING
UXB-SURFACE-080,CASE,library_binding_status,MISSING
UXB-SURFACE-082,EACH,type_binding_status,MISSING
UXB-SURFACE-082,EACH,layout_status,MISSING
UXB-SURFACE-082,EACH,hir_status,MISSING
UXB-SURFACE-082,EACH,mir_status,MISSING
UXB-SURFACE-082,EACH,mir_json_status,MISSING
UXB-SURFACE-082,EACH,mir_interpreter_status,MISSING
UXB-SURFACE-082,EACH,x64_mir_status,MISSING
UXB-SURFACE-082,EACH,x86_status,MISSING
UXB-SURFACE-082,EACH,library_binding_status,MISSING
UXB-SURFACE-084,ELSEIF,type_binding_status,MISSING
UXB-SURFACE-084,ELSEIF,hir_status,MISSING
UXB-SURFACE-084,ELSEIF,mir_verify_status,MISSING
UXB-SURFACE-084,ELSEIF,mir_json_status,MISSING
UXB-SURFACE-084,ELSEIF,x86_status,MISSING
UXB-SURFACE-084,ELSEIF,library_binding_status,MISSING
UXB-SURFACE-086,EXIT,type_binding_status,MISSING
UXB-SURFACE-088,GOSUB,semantic_status,MISSING
UXB-SURFACE-088,GOSUB,type_binding_status,MISSING
UXB-SURFACE-088,GOSUB,layout_status,MISSING
UXB-SURFACE-088,GOSUB,hir_status,MISSING
UXB-SURFACE-088,GOSUB,mir_status,MISSING
UXB-SURFACE-088,GOSUB,mir_verify_status,MISSING
UXB-SURFACE-088,GOSUB,mir_json_status,MISSING
UXB-SURFACE-088,GOSUB,mir_interpreter_status,MISSING
UXB-SURFACE-088,GOSUB,x86_status,MISSING
UXB-SURFACE-088,GOSUB,library_binding_status,MISSING
UXB-SURFACE-089,GOTO,semantic_status,MISSING
UXB-SURFACE-089,GOTO,type_binding_status,MISSING
UXB-SURFACE-089,GOTO,layout_status,MISSING
UXB-SURFACE-089,GOTO,hir_status,MISSING
UXB-SURFACE-089,GOTO,mir_verify_status,MISSING
UXB-SURFACE-089,GOTO,mir_interpreter_status,MISSING
UXB-SURFACE-089,GOTO,x86_status,MISSING
UXB-SURFACE-089,GOTO,library_binding_status,MISSING
UXB-SURFACE-093,LOOP,type_binding_status,MISSING
UXB-SURFACE-093,LOOP,mir_verify_status,MISSING
UXB-SURFACE-093,LOOP,mir_json_status,MISSING
UXB-SURFACE-093,LOOP,x64_mir_status,MISSING
UXB-SURFACE-093,LOOP,library_binding_status,MISSING
UXB-SURFACE-094,NEXT,library_binding_status,MISSING
UXB-SURFACE-097,STEP,type_binding_status,MISSING
UXB-SURFACE-097,STEP,layout_status,MISSING
UXB-SURFACE-097,STEP,mir_json_status,MISSING
UXB-SURFACE-097,STEP,x64_mir_status,MISSING
UXB-SURFACE-097,STEP,library_binding_status,MISSING
UXB-SURFACE-100,UNTIL,ast_contract_status,MISSING
UXB-SURFACE-100,UNTIL,semantic_status,MISSING
UXB-SURFACE-100,UNTIL,type_binding_status,MISSING
UXB-SURFACE-100,UNTIL,layout_status,MISSING
UXB-SURFACE-100,UNTIL,hir_status,MISSING
UXB-SURFACE-100,UNTIL,mir_status,MISSING
UXB-SURFACE-100,UNTIL,mir_verify_status,MISSING
UXB-SURFACE-100,UNTIL,mir_json_status,MISSING
UXB-SURFACE-100,UNTIL,mir_interpreter_status,MISSING
UXB-SURFACE-100,UNTIL,x64_mir_status,MISSING
UXB-SURFACE-100,UNTIL,x86_status,MISSING
UXB-SURFACE-100,UNTIL,wasm_wat_status,MISSING
UXB-SURFACE-100,UNTIL,library_binding_status,MISSING
UXB-SURFACE-100,UNTIL,vscode_evidence_status,MISSING
UXB-SURFACE-101,WHILE,type_binding_status,MISSING
UXB-SURFACE-101,WHILE,mir_verify_status,MISSING
UXB-SURFACE-101,WHILE,mir_json_status,MISSING
UXB-SURFACE-101,WHILE,x64_mir_status,MISSING
UXB-SURFACE-101,WHILE,library_binding_status,MISSING
UXB-SURFACE-103,CONST,mir_verify_status,MISSING
UXB-SURFACE-103,CONST,mir_json_status,MISSING
UXB-SURFACE-103,CONST,x86_status,MISSING
UXB-SURFACE-104,DEFBYT,ast_contract_status,MISSING
UXB-SURFACE-104,DEFBYT,semantic_status,MISSING
UXB-SURFACE-104,DEFBYT,type_binding_status,MISSING
UXB-SURFACE-104,DEFBYT,layout_status,MISSING
UXB-SURFACE-104,DEFBYT,hir_status,MISSING
UXB-SURFACE-104,DEFBYT,mir_status,MISSING
UXB-SURFACE-104,DEFBYT,mir_verify_status,MISSING
UXB-SURFACE-104,DEFBYT,mir_json_status,MISSING
UXB-SURFACE-104,DEFBYT,vscode_evidence_status,MISSING
UXB-SURFACE-105,DEFDBL,ast_contract_status,MISSING
UXB-SURFACE-105,DEFDBL,semantic_status,MISSING
UXB-SURFACE-105,DEFDBL,type_binding_status,MISSING
UXB-SURFACE-105,DEFDBL,layout_status,MISSING
UXB-SURFACE-105,DEFDBL,hir_status,MISSING
UXB-SURFACE-105,DEFDBL,mir_status,MISSING
UXB-SURFACE-105,DEFDBL,mir_verify_status,MISSING
UXB-SURFACE-105,DEFDBL,mir_json_status,MISSING
UXB-SURFACE-105,DEFDBL,vscode_evidence_status,MISSING
UXB-SURFACE-106,DEFEXT,ast_contract_status,MISSING
UXB-SURFACE-106,DEFEXT,semantic_status,MISSING
UXB-SURFACE-106,DEFEXT,type_binding_status,MISSING
UXB-SURFACE-106,DEFEXT,layout_status,MISSING
UXB-SURFACE-106,DEFEXT,hir_status,MISSING
UXB-SURFACE-106,DEFEXT,mir_status,MISSING
UXB-SURFACE-106,DEFEXT,mir_verify_status,MISSING
UXB-SURFACE-106,DEFEXT,mir_json_status,MISSING
UXB-SURFACE-106,DEFEXT,vscode_evidence_status,MISSING
UXB-SURFACE-107,DEFINT,ast_contract_status,MISSING
UXB-SURFACE-107,DEFINT,semantic_status,MISSING
UXB-SURFACE-107,DEFINT,type_binding_status,MISSING
UXB-SURFACE-107,DEFINT,layout_status,MISSING
UXB-SURFACE-107,DEFINT,hir_status,MISSING
UXB-SURFACE-107,DEFINT,mir_status,MISSING
UXB-SURFACE-107,DEFINT,mir_verify_status,MISSING
UXB-SURFACE-107,DEFINT,mir_json_status,MISSING
UXB-SURFACE-107,DEFINT,vscode_evidence_status,MISSING
UXB-SURFACE-108,DEFLNG,ast_contract_status,MISSING
UXB-SURFACE-108,DEFLNG,semantic_status,MISSING
UXB-SURFACE-108,DEFLNG,type_binding_status,MISSING
UXB-SURFACE-108,DEFLNG,layout_status,MISSING
UXB-SURFACE-108,DEFLNG,hir_status,MISSING
UXB-SURFACE-108,DEFLNG,mir_status,MISSING
UXB-SURFACE-108,DEFLNG,mir_verify_status,MISSING
UXB-SURFACE-108,DEFLNG,mir_json_status,MISSING
UXB-SURFACE-108,DEFLNG,vscode_evidence_status,MISSING
UXB-SURFACE-109,DEFSNG,ast_contract_status,MISSING
UXB-SURFACE-109,DEFSNG,semantic_status,MISSING
UXB-SURFACE-109,DEFSNG,type_binding_status,MISSING
UXB-SURFACE-109,DEFSNG,layout_status,MISSING
UXB-SURFACE-109,DEFSNG,hir_status,MISSING
UXB-SURFACE-109,DEFSNG,mir_status,MISSING
UXB-SURFACE-109,DEFSNG,mir_verify_status,MISSING
UXB-SURFACE-109,DEFSNG,mir_json_status,MISSING
UXB-SURFACE-109,DEFSNG,vscode_evidence_status,MISSING
UXB-SURFACE-110,DEFSTR,ast_contract_status,MISSING
UXB-SURFACE-110,DEFSTR,semantic_status,MISSING
UXB-SURFACE-110,DEFSTR,type_binding_status,MISSING
UXB-SURFACE-110,DEFSTR,layout_status,MISSING
UXB-SURFACE-110,DEFSTR,hir_status,MISSING
UXB-SURFACE-110,DEFSTR,mir_status,MISSING
UXB-SURFACE-110,DEFSTR,mir_verify_status,MISSING
UXB-SURFACE-110,DEFSTR,mir_json_status,MISSING
UXB-SURFACE-110,DEFSTR,vscode_evidence_status,MISSING
UXB-SURFACE-112,REDIM,mir_verify_status,MISSING
UXB-SURFACE-112,REDIM,mir_json_status,MISSING
UXB-SURFACE-112,REDIM,library_binding_status,MISSING
UXB-SURFACE-113,ASSERT,type_binding_status,MISSING
UXB-SURFACE-113,ASSERT,layout_status,MISSING
UXB-SURFACE-113,ASSERT,hir_status,MISSING
UXB-SURFACE-113,ASSERT,mir_verify_status,MISSING
UXB-SURFACE-113,ASSERT,mir_json_status,MISSING
UXB-SURFACE-113,ASSERT,x64_ast_status,MISSING
UXB-SURFACE-113,ASSERT,x64_mir_status,MISSING
UXB-SURFACE-113,ASSERT,x86_status,MISSING
UXB-SURFACE-113,ASSERT,library_binding_status,MISSING
UXB-SURFACE-114,CATCH,type_binding_status,MISSING
UXB-SURFACE-114,CATCH,layout_status,MISSING
UXB-SURFACE-114,CATCH,hir_status,MISSING
UXB-SURFACE-114,CATCH,mir_status,MISSING
UXB-SURFACE-114,CATCH,mir_verify_status,MISSING
UXB-SURFACE-114,CATCH,mir_json_status,MISSING
UXB-SURFACE-114,CATCH,mir_interpreter_status,MISSING
UXB-SURFACE-114,CATCH,x64_ast_status,MISSING
UXB-SURFACE-114,CATCH,x64_mir_status,MISSING
UXB-SURFACE-114,CATCH,x86_status,MISSING
UXB-SURFACE-114,CATCH,library_binding_status,MISSING
UXB-SURFACE-115,FINALLY,type_binding_status,MISSING
UXB-SURFACE-115,FINALLY,layout_status,MISSING
UXB-SURFACE-115,FINALLY,hir_status,MISSING
UXB-SURFACE-115,FINALLY,mir_status,MISSING
UXB-SURFACE-115,FINALLY,mir_verify_status,MISSING
UXB-SURFACE-115,FINALLY,mir_json_status,MISSING
UXB-SURFACE-115,FINALLY,mir_interpreter_status,MISSING
UXB-SURFACE-115,FINALLY,x64_ast_status,MISSING
UXB-SURFACE-115,FINALLY,x64_mir_status,MISSING
UXB-SURFACE-115,FINALLY,x86_status,MISSING
UXB-SURFACE-115,FINALLY,library_binding_status,MISSING
UXB-SURFACE-116,THROW,type_binding_status,MISSING
UXB-SURFACE-116,THROW,layout_status,MISSING
UXB-SURFACE-116,THROW,hir_status,MISSING
UXB-SURFACE-116,THROW,mir_verify_status,MISSING
UXB-SURFACE-116,THROW,mir_json_status,MISSING
UXB-SURFACE-116,THROW,x64_ast_status,MISSING
UXB-SURFACE-116,THROW,x64_mir_status,MISSING
UXB-SURFACE-116,THROW,x86_status,MISSING
UXB-SURFACE-117,TRY,type_binding_status,MISSING
UXB-SURFACE-132,CLOSE,semantic_status,MISSING
UXB-SURFACE-132,CLOSE,type_binding_status,MISSING
UXB-SURFACE-132,CLOSE,layout_status,MISSING
UXB-SURFACE-132,CLOSE,library_binding_status,MISSING
UXB-SURFACE-133,CLS,semantic_status,MISSING
UXB-SURFACE-133,CLS,type_binding_status,MISSING
UXB-SURFACE-133,CLS,layout_status,MISSING
UXB-SURFACE-133,CLS,hir_status,MISSING
UXB-SURFACE-133,CLS,mir_verify_status,MISSING
UXB-SURFACE-133,CLS,mir_json_status,MISSING
UXB-SURFACE-133,CLS,x86_status,MISSING
UXB-SURFACE-133,CLS,library_binding_status,MISSING
UXB-SURFACE-133,CLS,vscode_evidence_status,MISSING
UXB-SURFACE-134,COLOR,ast_contract_status,MISSING
UXB-SURFACE-134,COLOR,semantic_status,MISSING
UXB-SURFACE-134,COLOR,type_binding_status,MISSING
UXB-SURFACE-134,COLOR,layout_status,MISSING
UXB-SURFACE-134,COLOR,hir_status,MISSING
UXB-SURFACE-134,COLOR,mir_verify_status,MISSING
UXB-SURFACE-134,COLOR,mir_json_status,MISSING
UXB-SURFACE-134,COLOR,x86_status,MISSING
UXB-SURFACE-134,COLOR,library_binding_status,MISSING
UXB-SURFACE-135,GET,type_binding_status,MISSING
UXB-SURFACE-135,GET,hir_status,MISSING
UXB-SURFACE-135,GET,mir_json_status,MISSING
UXB-SURFACE-135,GET,x86_status,MISSING
UXB-SURFACE-136,INPUT,type_binding_status,MISSING
UXB-SURFACE-136,INPUT,layout_status,MISSING
UXB-SURFACE-136,INPUT,hir_status,MISSING
UXB-SURFACE-136,INPUT,mir_verify_status,MISSING
UXB-SURFACE-136,INPUT,mir_json_status,MISSING
UXB-SURFACE-136,INPUT,x86_status,MISSING
UXB-SURFACE-136,INPUT,library_binding_status,MISSING
UXB-SURFACE-137,LOCATE,ast_contract_status,MISSING
UXB-SURFACE-137,LOCATE,semantic_status,MISSING
UXB-SURFACE-137,LOCATE,type_binding_status,MISSING
UXB-SURFACE-137,LOCATE,layout_status,MISSING
UXB-SURFACE-137,LOCATE,hir_status,MISSING
UXB-SURFACE-137,LOCATE,mir_verify_status,MISSING
UXB-SURFACE-137,LOCATE,mir_json_status,MISSING
UXB-SURFACE-137,LOCATE,x86_status,MISSING
UXB-SURFACE-137,LOCATE,library_binding_status,MISSING
UXB-SURFACE-137,LOCATE,vscode_evidence_status,MISSING
UXB-SURFACE-138,OPEN,semantic_status,MISSING
UXB-SURFACE-138,OPEN,type_binding_status,MISSING
UXB-SURFACE-138,OPEN,layout_status,MISSING
UXB-SURFACE-138,OPEN,mir_verify_status,MISSING
UXB-SURFACE-139,PRINT,semantic_status,MISSING
UXB-SURFACE-139,PRINT,type_binding_status,MISSING
UXB-SURFACE-139,PRINT,layout_status,MISSING
UXB-SURFACE-139,PRINT,mir_verify_status,MISSING
UXB-SURFACE-140,PUT,type_binding_status,MISSING
UXB-SURFACE-140,PUT,mir_verify_status,MISSING
UXB-SURFACE-141,SEEK,semantic_status,MISSING
UXB-SURFACE-141,SEEK,type_binding_status,MISSING
UXB-SURFACE-141,SEEK,layout_status,MISSING
UXB-SURFACE-141,SEEK,hir_status,MISSING
UXB-SURFACE-141,SEEK,mir_verify_status,MISSING
UXB-SURFACE-141,SEEK,mir_json_status,MISSING
UXB-SURFACE-141,SEEK,x86_status,MISSING
UXB-SURFACE-141,SEEK,library_binding_status,MISSING
UXB-SURFACE-142,ARCHIVE,vscode_evidence_status,MISSING
UXB-SURFACE-142,ARCHIVE,test_status,MISSING
UXB-SURFACE-143,AUDIO,vscode_evidence_status,MISSING
UXB-SURFACE-143,AUDIO,test_status,MISSING
UXB-SURFACE-144,BROWSER,vscode_evidence_status,MISSING
UXB-SURFACE-144,BROWSER,test_status,MISSING
UXB-SURFACE-145,CANVAS,vscode_evidence_status,MISSING
UXB-SURFACE-145,CANVAS,test_status,MISSING
UXB-SURFACE-146,CRYPTO,vscode_evidence_status,MISSING
UXB-SURFACE-146,CRYPTO,test_status,MISSING
UXB-SURFACE-147,CURL,vscode_evidence_status,MISSING
UXB-SURFACE-147,CURL,test_status,MISSING
UXB-SURFACE-148,GRAPHICS,vscode_evidence_status,MISSING
UXB-SURFACE-148,GRAPHICS,test_status,MISSING
UXB-SURFACE-149,HTTP,vscode_evidence_status,MISSING
UXB-SURFACE-149,HTTP,test_status,MISSING
UXB-SURFACE-150,IMAGE,vscode_evidence_status,MISSING
UXB-SURFACE-150,IMAGE,test_status,MISSING
UXB-SURFACE-151,JSON,vscode_evidence_status,MISSING
UXB-SURFACE-151,JSON,test_status,MISSING
UXB-SURFACE-152,LLAMA,vscode_evidence_status,MISSING
UXB-SURFACE-152,LLAMA,test_status,MISSING
UXB-SURFACE-153,LUA,vscode_evidence_status,MISSING
UXB-SURFACE-153,LUA,test_status,MISSING
UXB-SURFACE-154,MATH,vscode_evidence_status,MISSING
UXB-SURFACE-154,MATH,test_status,MISSING
UXB-SURFACE-155,ONNX,vscode_evidence_status,MISSING
UXB-SURFACE-155,ONNX,test_status,MISSING
UXB-SURFACE-156,OS,vscode_evidence_status,MISSING
UXB-SURFACE-156,OS,test_status,MISSING
UXB-SURFACE-157,PROLOG,vscode_evidence_status,MISSING
UXB-SURFACE-157,PROLOG,test_status,MISSING
UXB-SURFACE-158,REGEX,vscode_evidence_status,MISSING
UXB-SURFACE-158,REGEX,test_status,MISSING
UXB-SURFACE-159,SERVER,vscode_evidence_status,MISSING
UXB-SURFACE-159,SERVER,test_status,MISSING
UXB-SURFACE-160,SQLITE,vscode_evidence_status,MISSING
UXB-SURFACE-160,SQLITE,test_status,MISSING
UXB-SURFACE-161,STRINGX,vscode_evidence_status,MISSING
UXB-SURFACE-161,STRINGX,test_status,MISSING
UXB-SURFACE-162,WEBGPU,vscode_evidence_status,MISSING
UXB-SURFACE-162,WEBGPU,test_status,MISSING
UXB-SURFACE-163,CODEPTR,ast_contract_status,MISSING
UXB-SURFACE-163,CODEPTR,semantic_status,MISSING
UXB-SURFACE-163,CODEPTR,type_binding_status,MISSING
UXB-SURFACE-163,CODEPTR,layout_status,MISSING
UXB-SURFACE-163,CODEPTR,hir_status,MISSING
UXB-SURFACE-163,CODEPTR,mir_status,MISSING
UXB-SURFACE-163,CODEPTR,mir_verify_status,MISSING
UXB-SURFACE-163,CODEPTR,mir_json_status,MISSING
UXB-SURFACE-163,CODEPTR,mir_interpreter_status,MISSING
UXB-SURFACE-163,CODEPTR,x64_ast_status,MISSING
UXB-SURFACE-163,CODEPTR,x64_mir_status,MISSING
UXB-SURFACE-163,CODEPTR,x86_status,MISSING
UXB-SURFACE-163,CODEPTR,library_binding_status,MISSING
UXB-SURFACE-165,INC,type_binding_status,MISSING
UXB-SURFACE-165,INC,hir_status,MISSING
UXB-SURFACE-165,INC,mir_json_status,MISSING
UXB-SURFACE-166,LPTR,ast_contract_status,MISSING
UXB-SURFACE-166,LPTR,semantic_status,MISSING
UXB-SURFACE-166,LPTR,type_binding_status,MISSING
UXB-SURFACE-166,LPTR,layout_status,MISSING
UXB-SURFACE-166,LPTR,hir_status,MISSING
UXB-SURFACE-166,LPTR,mir_status,MISSING
UXB-SURFACE-166,LPTR,mir_verify_status,MISSING
UXB-SURFACE-166,LPTR,mir_json_status,MISSING
UXB-SURFACE-166,LPTR,mir_interpreter_status,MISSING
UXB-SURFACE-166,LPTR,x64_ast_status,MISSING
UXB-SURFACE-166,LPTR,x64_mir_status,MISSING
UXB-SURFACE-166,LPTR,x86_status,MISSING
UXB-SURFACE-166,LPTR,library_binding_status,MISSING
UXB-SURFACE-167,MEMCOPYB,ast_contract_status,MISSING
UXB-SURFACE-167,MEMCOPYB,semantic_status,MISSING
UXB-SURFACE-167,MEMCOPYB,type_binding_status,MISSING
UXB-SURFACE-167,MEMCOPYB,layout_status,MISSING
UXB-SURFACE-167,MEMCOPYB,hir_status,MISSING
UXB-SURFACE-167,MEMCOPYB,mir_verify_status,MISSING
UXB-SURFACE-167,MEMCOPYB,mir_json_status,MISSING
UXB-SURFACE-167,MEMCOPYB,x64_mir_status,MISSING
UXB-SURFACE-167,MEMCOPYB,x86_status,MISSING
UXB-SURFACE-167,MEMCOPYB,library_binding_status,MISSING
UXB-SURFACE-168,MEMCOPYD,ast_contract_status,MISSING
UXB-SURFACE-168,MEMCOPYD,semantic_status,MISSING
UXB-SURFACE-168,MEMCOPYD,type_binding_status,MISSING
UXB-SURFACE-168,MEMCOPYD,layout_status,MISSING
UXB-SURFACE-168,MEMCOPYD,hir_status,MISSING
UXB-SURFACE-168,MEMCOPYD,mir_verify_status,MISSING
UXB-SURFACE-168,MEMCOPYD,mir_json_status,MISSING
UXB-SURFACE-168,MEMCOPYD,x64_mir_status,MISSING
UXB-SURFACE-168,MEMCOPYD,x86_status,MISSING
UXB-SURFACE-168,MEMCOPYD,library_binding_status,MISSING
UXB-SURFACE-169,MEMCOPYW,ast_contract_status,MISSING
UXB-SURFACE-169,MEMCOPYW,semantic_status,MISSING
UXB-SURFACE-169,MEMCOPYW,type_binding_status,MISSING
UXB-SURFACE-169,MEMCOPYW,layout_status,MISSING
UXB-SURFACE-169,MEMCOPYW,hir_status,MISSING
UXB-SURFACE-169,MEMCOPYW,mir_verify_status,MISSING
UXB-SURFACE-169,MEMCOPYW,mir_json_status,MISSING
UXB-SURFACE-169,MEMCOPYW,x64_mir_status,MISSING
UXB-SURFACE-169,MEMCOPYW,x86_status,MISSING
UXB-SURFACE-169,MEMCOPYW,library_binding_status,MISSING
UXB-SURFACE-170,MEMFILLB,ast_contract_status,MISSING
UXB-SURFACE-170,MEMFILLB,semantic_status,MISSING
UXB-SURFACE-170,MEMFILLB,type_binding_status,MISSING
UXB-SURFACE-170,MEMFILLB,layout_status,MISSING
UXB-SURFACE-170,MEMFILLB,hir_status,MISSING
UXB-SURFACE-170,MEMFILLB,mir_verify_status,MISSING
UXB-SURFACE-170,MEMFILLB,mir_json_status,MISSING
UXB-SURFACE-170,MEMFILLB,x64_mir_status,MISSING
UXB-SURFACE-170,MEMFILLB,x86_status,MISSING
UXB-SURFACE-170,MEMFILLB,library_binding_status,MISSING
UXB-SURFACE-171,MEMFILLD,ast_contract_status,MISSING
UXB-SURFACE-171,MEMFILLD,semantic_status,MISSING
UXB-SURFACE-171,MEMFILLD,type_binding_status,MISSING
UXB-SURFACE-171,MEMFILLD,layout_status,MISSING
UXB-SURFACE-171,MEMFILLD,hir_status,MISSING
UXB-SURFACE-171,MEMFILLD,mir_verify_status,MISSING
UXB-SURFACE-171,MEMFILLD,mir_json_status,MISSING
UXB-SURFACE-171,MEMFILLD,x64_mir_status,MISSING
UXB-SURFACE-171,MEMFILLD,x86_status,MISSING
UXB-SURFACE-171,MEMFILLD,library_binding_status,MISSING
UXB-SURFACE-172,MEMFILLW,ast_contract_status,MISSING
UXB-SURFACE-172,MEMFILLW,semantic_status,MISSING
UXB-SURFACE-172,MEMFILLW,type_binding_status,MISSING
UXB-SURFACE-172,MEMFILLW,layout_status,MISSING
UXB-SURFACE-172,MEMFILLW,hir_status,MISSING
UXB-SURFACE-172,MEMFILLW,mir_verify_status,MISSING
UXB-SURFACE-172,MEMFILLW,mir_json_status,MISSING
UXB-SURFACE-172,MEMFILLW,x64_mir_status,MISSING
UXB-SURFACE-172,MEMFILLW,x86_status,MISSING
UXB-SURFACE-172,MEMFILLW,library_binding_status,MISSING
UXB-SURFACE-173,OFFSETOF,ast_contract_status,MISSING
UXB-SURFACE-173,OFFSETOF,semantic_status,MISSING
UXB-SURFACE-173,OFFSETOF,type_binding_status,MISSING
UXB-SURFACE-173,OFFSETOF,hir_status,MISSING
UXB-SURFACE-173,OFFSETOF,mir_status,MISSING
UXB-SURFACE-173,OFFSETOF,mir_verify_status,MISSING
UXB-SURFACE-173,OFFSETOF,mir_json_status,MISSING
UXB-SURFACE-173,OFFSETOF,mir_interpreter_status,MISSING
UXB-SURFACE-173,OFFSETOF,x64_mir_status,MISSING
UXB-SURFACE-173,OFFSETOF,x86_status,MISSING
UXB-SURFACE-173,OFFSETOF,library_binding_status,MISSING
UXB-SURFACE-174,PEEKB,ast_contract_status,MISSING
UXB-SURFACE-174,PEEKB,semantic_status,MISSING
UXB-SURFACE-174,PEEKB,type_binding_status,MISSING
UXB-SURFACE-174,PEEKB,hir_status,MISSING
UXB-SURFACE-174,PEEKB,mir_status,MISSING
UXB-SURFACE-174,PEEKB,mir_verify_status,MISSING
UXB-SURFACE-174,PEEKB,mir_json_status,MISSING
UXB-SURFACE-174,PEEKB,x64_mir_status,MISSING
UXB-SURFACE-174,PEEKB,x86_status,MISSING
UXB-SURFACE-174,PEEKB,wasm_wat_status,MISSING
UXB-SURFACE-174,PEEKB,library_binding_status,MISSING
UXB-SURFACE-175,PEEKD,ast_contract_status,MISSING
UXB-SURFACE-175,PEEKD,semantic_status,MISSING
UXB-SURFACE-175,PEEKD,type_binding_status,MISSING
UXB-SURFACE-175,PEEKD,hir_status,MISSING
UXB-SURFACE-175,PEEKD,mir_status,MISSING
UXB-SURFACE-175,PEEKD,mir_verify_status,MISSING
UXB-SURFACE-175,PEEKD,mir_json_status,MISSING
UXB-SURFACE-175,PEEKD,x64_mir_status,MISSING
UXB-SURFACE-175,PEEKD,x86_status,MISSING
UXB-SURFACE-175,PEEKD,wasm_wat_status,MISSING
UXB-SURFACE-175,PEEKD,library_binding_status,MISSING
UXB-SURFACE-176,PEEKW,ast_contract_status,MISSING
UXB-SURFACE-176,PEEKW,semantic_status,MISSING
UXB-SURFACE-176,PEEKW,type_binding_status,MISSING
UXB-SURFACE-176,PEEKW,hir_status,MISSING
UXB-SURFACE-176,PEEKW,mir_status,MISSING
UXB-SURFACE-176,PEEKW,mir_verify_status,MISSING
UXB-SURFACE-176,PEEKW,mir_json_status,MISSING
UXB-SURFACE-176,PEEKW,x64_mir_status,MISSING
UXB-SURFACE-176,PEEKW,x86_status,MISSING
UXB-SURFACE-176,PEEKW,wasm_wat_status,MISSING
UXB-SURFACE-176,PEEKW,library_binding_status,MISSING
UXB-SURFACE-177,POKE,semantic_status,MISSING
UXB-SURFACE-177,POKE,type_binding_status,MISSING
UXB-SURFACE-177,POKE,hir_status,MISSING
UXB-SURFACE-177,POKE,mir_verify_status,MISSING
UXB-SURFACE-177,POKE,mir_json_status,MISSING
UXB-SURFACE-177,POKE,x86_status,MISSING
UXB-SURFACE-177,POKE,library_binding_status,MISSING
UXB-SURFACE-178,POKEB,ast_contract_status,MISSING
UXB-SURFACE-178,POKEB,semantic_status,MISSING
UXB-SURFACE-178,POKEB,type_binding_status,MISSING
UXB-SURFACE-178,POKEB,hir_status,MISSING
UXB-SURFACE-178,POKEB,mir_verify_status,MISSING
UXB-SURFACE-178,POKEB,mir_json_status,MISSING
UXB-SURFACE-178,POKEB,x64_mir_status,MISSING
UXB-SURFACE-178,POKEB,x86_status,MISSING
UXB-SURFACE-178,POKEB,library_binding_status,MISSING
UXB-SURFACE-179,POKED,ast_contract_status,MISSING
UXB-SURFACE-179,POKED,semantic_status,MISSING
UXB-SURFACE-179,POKED,type_binding_status,MISSING
UXB-SURFACE-179,POKED,hir_status,MISSING
UXB-SURFACE-179,POKED,mir_verify_status,MISSING
UXB-SURFACE-179,POKED,mir_json_status,MISSING
UXB-SURFACE-179,POKED,x64_mir_status,MISSING
UXB-SURFACE-179,POKED,x86_status,MISSING
UXB-SURFACE-179,POKED,library_binding_status,MISSING
UXB-SURFACE-180,POKES,ast_contract_status,MISSING
UXB-SURFACE-180,POKES,semantic_status,MISSING
UXB-SURFACE-180,POKES,type_binding_status,MISSING
UXB-SURFACE-180,POKES,layout_status,MISSING
UXB-SURFACE-180,POKES,hir_status,MISSING
UXB-SURFACE-180,POKES,mir_verify_status,MISSING
UXB-SURFACE-180,POKES,mir_json_status,MISSING
UXB-SURFACE-180,POKES,x64_mir_status,MISSING
UXB-SURFACE-180,POKES,x86_status,MISSING
UXB-SURFACE-180,POKES,library_binding_status,MISSING
UXB-SURFACE-180,POKES,vscode_evidence_status,MISSING
UXB-SURFACE-181,POKEW,ast_contract_status,MISSING
UXB-SURFACE-181,POKEW,semantic_status,MISSING
UXB-SURFACE-181,POKEW,type_binding_status,MISSING
UXB-SURFACE-181,POKEW,hir_status,MISSING
UXB-SURFACE-181,POKEW,mir_verify_status,MISSING
UXB-SURFACE-181,POKEW,mir_json_status,MISSING
UXB-SURFACE-181,POKEW,x64_mir_status,MISSING
UXB-SURFACE-181,POKEW,x86_status,MISSING
UXB-SURFACE-181,POKEW,library_binding_status,MISSING
UXB-SURFACE-182,SADD,semantic_status,MISSING
UXB-SURFACE-182,SADD,type_binding_status,MISSING
UXB-SURFACE-182,SADD,layout_status,MISSING
UXB-SURFACE-182,SADD,hir_status,MISSING
UXB-SURFACE-182,SADD,mir_verify_status,MISSING
UXB-SURFACE-182,SADD,mir_json_status,MISSING
UXB-SURFACE-182,SADD,x64_ast_status,MISSING
UXB-SURFACE-182,SADD,x64_mir_status,MISSING
UXB-SURFACE-182,SADD,x86_status,MISSING
UXB-SURFACE-182,SADD,library_binding_status,MISSING
UXB-SURFACE-183,SETNEWOFFSET,semantic_status,MISSING
UXB-SURFACE-183,SETNEWOFFSET,type_binding_status,MISSING
UXB-SURFACE-183,SETNEWOFFSET,layout_status,MISSING
UXB-SURFACE-183,SETNEWOFFSET,hir_status,MISSING
UXB-SURFACE-183,SETNEWOFFSET,mir_verify_status,MISSING
UXB-SURFACE-183,SETNEWOFFSET,mir_json_status,MISSING
UXB-SURFACE-183,SETNEWOFFSET,x64_mir_status,MISSING
UXB-SURFACE-183,SETNEWOFFSET,x86_status,MISSING
UXB-SURFACE-183,SETNEWOFFSET,library_binding_status,MISSING
UXB-SURFACE-183,SETNEWOFFSET,vscode_evidence_status,MISSING
UXB-SURFACE-184,SIZEOF,ast_contract_status,MISSING
UXB-SURFACE-184,SIZEOF,semantic_status,MISSING
UXB-SURFACE-184,SIZEOF,type_binding_status,MISSING
UXB-SURFACE-184,SIZEOF,hir_status,MISSING
UXB-SURFACE-184,SIZEOF,mir_status,MISSING
UXB-SURFACE-184,SIZEOF,mir_verify_status,MISSING
UXB-SURFACE-184,SIZEOF,mir_json_status,MISSING
UXB-SURFACE-184,SIZEOF,x64_mir_status,MISSING
UXB-SURFACE-184,SIZEOF,x86_status,MISSING
UXB-SURFACE-185,VARPTR,ast_contract_status,MISSING
UXB-SURFACE-185,VARPTR,semantic_status,MISSING
UXB-SURFACE-185,VARPTR,type_binding_status,MISSING
UXB-SURFACE-185,VARPTR,layout_status,MISSING
UXB-SURFACE-185,VARPTR,hir_status,MISSING
UXB-SURFACE-185,VARPTR,mir_status,MISSING
UXB-SURFACE-185,VARPTR,mir_verify_status,MISSING
UXB-SURFACE-185,VARPTR,mir_json_status,MISSING
UXB-SURFACE-185,VARPTR,x64_mir_status,MISSING
UXB-SURFACE-185,VARPTR,x86_status,MISSING
UXB-SURFACE-185,VARPTR,library_binding_status,MISSING
UXB-SURFACE-186,MAIN,ast_contract_status,MISSING
UXB-SURFACE-186,MAIN,semantic_status,MISSING
UXB-SURFACE-186,MAIN,type_binding_status,MISSING
UXB-SURFACE-186,MAIN,layout_status,MISSING
UXB-SURFACE-186,MAIN,mir_verify_status,MISSING
UXB-SURFACE-186,MAIN,mir_json_status,MISSING
UXB-SURFACE-187,%,ast_contract_status,MISSING
UXB-SURFACE-187,%,type_binding_status,MISSING
UXB-SURFACE-187,%,hir_status,MISSING
UXB-SURFACE-187,%,mir_verify_status,MISSING
UXB-SURFACE-187,%,mir_json_status,MISSING
UXB-SURFACE-187,%,mir_interpreter_status,MISSING
UXB-SURFACE-187,%,x64_mir_status,MISSING
UXB-SURFACE-187,%,x86_status,MISSING
UXB-SURFACE-188,%=,ast_contract_status,MISSING
UXB-SURFACE-188,%=,semantic_status,MISSING
UXB-SURFACE-188,%=,type_binding_status,MISSING
UXB-SURFACE-188,%=,layout_status,MISSING
UXB-SURFACE-188,%=,hir_status,MISSING
UXB-SURFACE-188,%=,mir_verify_status,MISSING
UXB-SURFACE-188,%=,mir_json_status,MISSING
UXB-SURFACE-188,%=,mir_interpreter_status,MISSING
UXB-SURFACE-188,%=,x64_mir_status,MISSING
UXB-SURFACE-188,%=,x86_status,MISSING
UXB-SURFACE-188,%=,browser_runtime_status,MISSING
UXB-SURFACE-188,%=,library_binding_status,MISSING
UXB-SURFACE-188,%=,vscode_evidence_status,MISSING
UXB-SURFACE-190,&=,type_binding_status,MISSING
UXB-SURFACE-190,&=,layout_status,MISSING
UXB-SURFACE-190,&=,browser_runtime_status,MISSING
UXB-SURFACE-190,&=,library_binding_status,MISSING
UXB-SURFACE-190,&=,vscode_evidence_status,MISSING
UXB-SURFACE-191,(,ast_contract_status,MISSING
UXB-SURFACE-191,(,type_binding_status,MISSING
UXB-SURFACE-191,(,hir_status,MISSING
UXB-SURFACE-191,(,mir_verify_status,MISSING
UXB-SURFACE-191,(,mir_json_status,MISSING
UXB-SURFACE-191,(,x64_mir_status,MISSING
UXB-SURFACE-191,(,x86_status,MISSING
UXB-SURFACE-193,*,type_binding_status,MISSING
UXB-SURFACE-193,*,hir_status,MISSING
UXB-SURFACE-193,*,mir_verify_status,MISSING
UXB-SURFACE-193,*,mir_json_status,MISSING
UXB-SURFACE-194,*=,semantic_status,MISSING
UXB-SURFACE-194,*=,type_binding_status,MISSING
UXB-SURFACE-194,*=,layout_status,MISSING
UXB-SURFACE-194,*=,hir_status,MISSING
UXB-SURFACE-194,*=,mir_verify_status,MISSING
UXB-SURFACE-194,*=,mir_json_status,MISSING
UXB-SURFACE-194,*=,mir_interpreter_status,MISSING
UXB-SURFACE-194,*=,x64_mir_status,MISSING
UXB-SURFACE-194,*=,x86_status,MISSING
UXB-SURFACE-194,*=,library_binding_status,MISSING
UXB-SURFACE-194,*=,vscode_evidence_status,MISSING
UXB-SURFACE-196,++,ast_contract_status,MISSING
UXB-SURFACE-196,++,semantic_status,MISSING
UXB-SURFACE-196,++,type_binding_status,MISSING
UXB-SURFACE-196,++,layout_status,MISSING
UXB-SURFACE-196,++,hir_status,MISSING
UXB-SURFACE-196,++,mir_status,MISSING
UXB-SURFACE-196,++,mir_verify_status,MISSING
UXB-SURFACE-196,++,mir_json_status,MISSING
UXB-SURFACE-196,++,mir_interpreter_status,MISSING
UXB-SURFACE-196,++,x64_ast_status,MISSING
UXB-SURFACE-196,++,x64_mir_status,MISSING
UXB-SURFACE-196,++,x86_status,MISSING
UXB-SURFACE-196,++,browser_runtime_status,MISSING
UXB-SURFACE-196,++,library_binding_status,MISSING
UXB-SURFACE-196,++,vscode_evidence_status,MISSING
UXB-SURFACE-197,+=,layout_status,MISSING
UXB-SURFACE-197,+=,library_binding_status,MISSING
UXB-SURFACE-200,--,semantic_status,MISSING
UXB-SURFACE-200,--,type_binding_status,MISSING
UXB-SURFACE-200,--,layout_status,MISSING
UXB-SURFACE-200,--,hir_status,MISSING
UXB-SURFACE-200,--,mir_verify_status,MISSING
UXB-SURFACE-200,--,mir_json_status,MISSING
UXB-SURFACE-200,--,mir_interpreter_status,MISSING
UXB-SURFACE-200,--,x64_mir_status,MISSING
UXB-SURFACE-200,--,x86_status,MISSING
UXB-SURFACE-200,--,browser_runtime_status,MISSING
UXB-SURFACE-200,--,library_binding_status,MISSING
UXB-SURFACE-200,--,vscode_evidence_status,MISSING
UXB-SURFACE-201,-=,ast_contract_status,MISSING
UXB-SURFACE-201,-=,semantic_status,MISSING
UXB-SURFACE-201,-=,type_binding_status,MISSING
UXB-SURFACE-201,-=,layout_status,MISSING
UXB-SURFACE-201,-=,mir_verify_status,MISSING
UXB-SURFACE-201,-=,mir_json_status,MISSING
UXB-SURFACE-201,-=,x64_mir_status,MISSING
UXB-SURFACE-201,-=,x86_status,MISSING
UXB-SURFACE-201,-=,browser_runtime_status,MISSING
UXB-SURFACE-201,-=,library_binding_status,MISSING
UXB-SURFACE-201,-=,vscode_evidence_status,MISSING
UXB-SURFACE-202,.,type_binding_status,MISSING
UXB-SURFACE-202,.,hir_status,MISSING
UXB-SURFACE-202,.,mir_json_status,MISSING
UXB-SURFACE-203,/,type_binding_status,MISSING
UXB-SURFACE-203,/,hir_status,MISSING
UXB-SURFACE-203,/,mir_verify_status,MISSING
UXB-SURFACE-204,/=,ast_contract_status,MISSING
UXB-SURFACE-204,/=,semantic_status,MISSING
UXB-SURFACE-204,/=,type_binding_status,MISSING
UXB-SURFACE-204,/=,layout_status,MISSING
UXB-SURFACE-204,/=,hir_status,MISSING
UXB-SURFACE-204,/=,mir_verify_status,MISSING
UXB-SURFACE-204,/=,mir_json_status,MISSING
UXB-SURFACE-204,/=,mir_interpreter_status,MISSING
UXB-SURFACE-204,/=,x64_mir_status,MISSING
UXB-SURFACE-204,/=,x86_status,MISSING
UXB-SURFACE-204,/=,browser_runtime_status,MISSING
UXB-SURFACE-204,/=,library_binding_status,MISSING
UXB-SURFACE-204,/=,vscode_evidence_status,MISSING
UXB-SURFACE-205,:,semantic_status,MISSING
UXB-SURFACE-205,:,type_binding_status,MISSING
UXB-SURFACE-205,:,layout_status,MISSING
UXB-SURFACE-205,:,mir_verify_status,MISSING
UXB-SURFACE-207,<<,ast_contract_status,MISSING
UXB-SURFACE-207,<<,type_binding_status,MISSING
UXB-SURFACE-207,<<,layout_status,MISSING
UXB-SURFACE-207,<<,hir_status,MISSING
UXB-SURFACE-207,<<,mir_verify_status,MISSING
UXB-SURFACE-207,<<,mir_json_status,MISSING
UXB-SURFACE-207,<<,mir_interpreter_status,MISSING
UXB-SURFACE-207,<<,x64_mir_status,MISSING
UXB-SURFACE-207,<<,x86_status,MISSING
UXB-SURFACE-207,<<,library_binding_status,MISSING
UXB-SURFACE-207,<<,vscode_evidence_status,MISSING
UXB-SURFACE-208,<<=,ast_contract_status,MISSING
UXB-SURFACE-208,<<=,semantic_status,MISSING
UXB-SURFACE-208,<<=,type_binding_status,MISSING
UXB-SURFACE-208,<<=,layout_status,MISSING
UXB-SURFACE-208,<<=,hir_status,MISSING
UXB-SURFACE-208,<<=,mir_verify_status,MISSING
UXB-SURFACE-208,<<=,mir_json_status,MISSING
UXB-SURFACE-208,<<=,mir_interpreter_status,MISSING
UXB-SURFACE-208,<<=,x64_mir_status,MISSING
UXB-SURFACE-208,<<=,x86_status,MISSING
UXB-SURFACE-208,<<=,js_transpiler_status,MISSING
UXB-SURFACE-208,<<=,browser_runtime_status,MISSING
UXB-SURFACE-208,<<=,library_binding_status,MISSING
UXB-SURFACE-208,<<=,vscode_evidence_status,MISSING
UXB-SURFACE-209,<=,type_binding_status,MISSING
UXB-SURFACE-209,<=,hir_status,MISSING
UXB-SURFACE-209,<=,x64_mir_status,MISSING
UXB-SURFACE-210,<>,library_binding_status,MISSING
UXB-SURFACE-213,>=,mir_verify_status,MISSING
UXB-SURFACE-213,>=,mir_json_status,MISSING
UXB-SURFACE-213,>=,vscode_evidence_status,MISSING
UXB-SURFACE-214,>>,ast_contract_status,MISSING
UXB-SURFACE-214,>>,type_binding_status,MISSING
UXB-SURFACE-214,>>,layout_status,MISSING
UXB-SURFACE-214,>>,hir_status,MISSING
UXB-SURFACE-214,>>,mir_verify_status,MISSING
UXB-SURFACE-214,>>,mir_json_status,MISSING
UXB-SURFACE-214,>>,mir_interpreter_status,MISSING
UXB-SURFACE-214,>>,x64_mir_status,MISSING
UXB-SURFACE-214,>>,x86_status,MISSING
UXB-SURFACE-214,>>,library_binding_status,MISSING
UXB-SURFACE-214,>>,vscode_evidence_status,MISSING
UXB-SURFACE-215,>>=,ast_contract_status,MISSING
UXB-SURFACE-215,>>=,semantic_status,MISSING
UXB-SURFACE-215,>>=,type_binding_status,MISSING
UXB-SURFACE-215,>>=,layout_status,MISSING
UXB-SURFACE-215,>>=,hir_status,MISSING
UXB-SURFACE-215,>>=,mir_verify_status,MISSING
UXB-SURFACE-215,>>=,mir_json_status,MISSING
UXB-SURFACE-215,>>=,mir_interpreter_status,MISSING
UXB-SURFACE-215,>>=,x64_mir_status,MISSING
UXB-SURFACE-215,>>=,x86_status,MISSING
UXB-SURFACE-215,>>=,js_transpiler_status,MISSING
UXB-SURFACE-215,>>=,browser_runtime_status,MISSING
UXB-SURFACE-215,>>=,library_binding_status,MISSING
UXB-SURFACE-215,>>=,vscode_evidence_status,MISSING
UXB-SURFACE-216,@,ast_contract_status,MISSING
UXB-SURFACE-216,@,semantic_status,MISSING
UXB-SURFACE-216,@,type_binding_status,MISSING
UXB-SURFACE-216,@,layout_status,MISSING
UXB-SURFACE-216,@,hir_status,MISSING
UXB-SURFACE-216,@,mir_status,MISSING
UXB-SURFACE-216,@,mir_verify_status,MISSING
UXB-SURFACE-216,@,mir_json_status,MISSING
UXB-SURFACE-216,@,mir_interpreter_status,MISSING
UXB-SURFACE-216,@,x64_ast_status,MISSING
UXB-SURFACE-216,@,x64_mir_status,MISSING
UXB-SURFACE-216,@,x86_status,MISSING
UXB-SURFACE-216,@,js_transpiler_status,MISSING
UXB-SURFACE-218,MOD,type_binding_status,MISSING
UXB-SURFACE-218,MOD,x86_status,MISSING
UXB-SURFACE-219,NOT,type_binding_status,MISSING
UXB-SURFACE-221,ROL,type_binding_status,MISSING
UXB-SURFACE-221,ROL,layout_status,MISSING
UXB-SURFACE-221,ROL,hir_status,MISSING
UXB-SURFACE-221,ROL,mir_verify_status,MISSING
UXB-SURFACE-221,ROL,mir_json_status,MISSING
UXB-SURFACE-221,ROL,x86_status,MISSING
UXB-SURFACE-222,ROR,type_binding_status,MISSING
UXB-SURFACE-222,ROR,hir_status,MISSING
UXB-SURFACE-222,ROR,x86_status,MISSING
UXB-SURFACE-223,SHL,type_binding_status,MISSING
UXB-SURFACE-223,SHL,layout_status,MISSING
UXB-SURFACE-223,SHL,hir_status,MISSING
UXB-SURFACE-223,SHL,mir_verify_status,MISSING
UXB-SURFACE-223,SHL,mir_json_status,MISSING
UXB-SURFACE-223,SHL,x86_status,MISSING
UXB-SURFACE-223,SHL,library_binding_status,MISSING
UXB-SURFACE-223,SHL,vscode_evidence_status,MISSING
UXB-SURFACE-224,SHR,ast_contract_status,MISSING
UXB-SURFACE-224,SHR,type_binding_status,MISSING
UXB-SURFACE-224,SHR,layout_status,MISSING
UXB-SURFACE-224,SHR,hir_status,MISSING
UXB-SURFACE-224,SHR,mir_verify_status,MISSING
UXB-SURFACE-224,SHR,mir_json_status,MISSING
UXB-SURFACE-224,SHR,x86_status,MISSING
UXB-SURFACE-224,SHR,library_binding_status,MISSING
UXB-SURFACE-224,SHR,vscode_evidence_status,MISSING
UXB-SURFACE-225,XOR,ast_contract_status,MISSING
UXB-SURFACE-225,XOR,type_binding_status,MISSING
UXB-SURFACE-225,XOR,layout_status,MISSING
UXB-SURFACE-225,XOR,hir_status,MISSING
UXB-SURFACE-225,XOR,mir_verify_status,MISSING
UXB-SURFACE-225,XOR,mir_json_status,MISSING
UXB-SURFACE-225,XOR,x86_status,MISSING
UXB-SURFACE-225,XOR,library_binding_status,MISSING
UXB-SURFACE-225,XOR,vscode_evidence_status,MISSING
UXB-SURFACE-226,[,type_binding_status,MISSING
UXB-SURFACE-226,[,layout_status,MISSING
UXB-SURFACE-226,[,mir_status,MISSING
UXB-SURFACE-226,[,mir_verify_status,MISSING
UXB-SURFACE-226,[,x64_ast_status,MISSING
UXB-SURFACE-226,[,x64_mir_status,MISSING
UXB-SURFACE-227,\,type_binding_status,MISSING
UXB-SURFACE-227,\,mir_verify_status,MISSING
UXB-SURFACE-227,\,x64_mir_status,MISSING
UXB-SURFACE-228,\=,ast_contract_status,MISSING
UXB-SURFACE-228,\=,semantic_status,MISSING
UXB-SURFACE-228,\=,type_binding_status,MISSING
UXB-SURFACE-228,\=,layout_status,MISSING
UXB-SURFACE-228,\=,hir_status,MISSING
UXB-SURFACE-228,\=,mir_verify_status,MISSING
UXB-SURFACE-228,\=,mir_json_status,MISSING
UXB-SURFACE-228,\=,mir_interpreter_status,MISSING
UXB-SURFACE-228,\=,x64_mir_status,MISSING
UXB-SURFACE-228,\=,x86_status,MISSING
UXB-SURFACE-228,\=,library_binding_status,MISSING
UXB-SURFACE-229,],type_binding_status,MISSING
UXB-SURFACE-229,],layout_status,MISSING
UXB-SURFACE-229,],mir_status,MISSING
UXB-SURFACE-229,],mir_verify_status,MISSING
UXB-SURFACE-230,^,ast_contract_status,MISSING
UXB-SURFACE-230,^,type_binding_status,MISSING
UXB-SURFACE-230,^,layout_status,MISSING
UXB-SURFACE-230,^,hir_status,MISSING
UXB-SURFACE-230,^,mir_verify_status,MISSING
UXB-SURFACE-230,^,mir_json_status,MISSING
UXB-SURFACE-230,^,mir_interpreter_status,MISSING
UXB-SURFACE-230,^,x64_mir_status,MISSING
UXB-SURFACE-230,^,x86_status,MISSING
UXB-SURFACE-230,^,library_binding_status,MISSING
UXB-SURFACE-231,^=,ast_contract_status,MISSING
UXB-SURFACE-231,^=,semantic_status,MISSING
UXB-SURFACE-231,^=,type_binding_status,MISSING
UXB-SURFACE-231,^=,layout_status,MISSING
UXB-SURFACE-231,^=,hir_status,MISSING
UXB-SURFACE-231,^=,mir_verify_status,MISSING
UXB-SURFACE-231,^=,mir_json_status,MISSING
UXB-SURFACE-231,^=,mir_interpreter_status,MISSING
UXB-SURFACE-231,^=,x64_mir_status,MISSING
UXB-SURFACE-231,^=,x86_status,MISSING
UXB-SURFACE-231,^=,js_transpiler_status,MISSING
UXB-SURFACE-231,^=,browser_runtime_status,MISSING
UXB-SURFACE-231,^=,library_binding_status,MISSING
UXB-SURFACE-231,^=,vscode_evidence_status,MISSING
UXB-SURFACE-232,|,ast_contract_status,MISSING
UXB-SURFACE-232,|,type_binding_status,MISSING
UXB-SURFACE-232,|,layout_status,MISSING
UXB-SURFACE-232,|,hir_status,MISSING
UXB-SURFACE-232,|,mir_verify_status,MISSING
UXB-SURFACE-232,|,mir_json_status,MISSING
UXB-SURFACE-232,|,mir_interpreter_status,MISSING
UXB-SURFACE-232,|,x86_status,MISSING
UXB-SURFACE-233,|=,ast_contract_status,MISSING
UXB-SURFACE-233,|=,semantic_status,MISSING
UXB-SURFACE-233,|=,type_binding_status,MISSING
UXB-SURFACE-233,|=,layout_status,MISSING
UXB-SURFACE-233,|=,hir_status,MISSING
UXB-SURFACE-233,|=,mir_verify_status,MISSING
UXB-SURFACE-233,|=,mir_json_status,MISSING
UXB-SURFACE-233,|=,mir_interpreter_status,MISSING
UXB-SURFACE-233,|=,x64_mir_status,MISSING
UXB-SURFACE-233,|=,x86_status,MISSING
UXB-SURFACE-233,|=,js_transpiler_status,MISSING
UXB-SURFACE-233,|=,browser_runtime_status,MISSING
UXB-SURFACE-233,|=,library_binding_status,MISSING
UXB-SURFACE-233,|=,vscode_evidence_status,MISSING
UXB-SURFACE-234,CALL,type_binding_status,MISSING
UXB-SURFACE-234,CALL,mir_json_status,MISSING
UXB-SURFACE-235,CLASS,mir_verify_status,MISSING
UXB-SURFACE-235,CLASS,x86_status,MISSING
UXB-SURFACE-235,CLASS,library_binding_status,MISSING
UXB-SURFACE-236,CONSTRUCTOR,type_binding_status,MISSING
UXB-SURFACE-236,CONSTRUCTOR,layout_status,MISSING
UXB-SURFACE-236,CONSTRUCTOR,hir_status,MISSING
UXB-SURFACE-236,CONSTRUCTOR,mir_verify_status,MISSING
UXB-SURFACE-236,CONSTRUCTOR,mir_json_status,MISSING
UXB-SURFACE-236,CONSTRUCTOR,x86_status,MISSING
UXB-SURFACE-236,CONSTRUCTOR,library_binding_status,MISSING
UXB-SURFACE-237,DECLARE,ast_contract_status,MISSING
UXB-SURFACE-237,DECLARE,type_binding_status,MISSING
UXB-SURFACE-237,DECLARE,layout_status,MISSING
UXB-SURFACE-237,DECLARE,mir_verify_status,MISSING
UXB-SURFACE-237,DECLARE,mir_json_status,MISSING
UXB-SURFACE-238,DELETE,ast_contract_status,MISSING
UXB-SURFACE-238,DELETE,type_binding_status,MISSING
UXB-SURFACE-238,DELETE,layout_status,MISSING
UXB-SURFACE-238,DELETE,hir_status,MISSING
UXB-SURFACE-238,DELETE,mir_status,MISSING
UXB-SURFACE-238,DELETE,mir_verify_status,MISSING
UXB-SURFACE-238,DELETE,mir_json_status,MISSING
UXB-SURFACE-238,DELETE,mir_interpreter_status,MISSING
UXB-SURFACE-238,DELETE,x86_status,MISSING
UXB-SURFACE-238,DELETE,library_binding_status,MISSING
UXB-SURFACE-238,DELETE,vscode_evidence_status,MISSING
UXB-SURFACE-239,DESTRUCTOR,type_binding_status,MISSING
UXB-SURFACE-239,DESTRUCTOR,layout_status,MISSING
UXB-SURFACE-239,DESTRUCTOR,hir_status,MISSING
UXB-SURFACE-239,DESTRUCTOR,mir_verify_status,MISSING
UXB-SURFACE-239,DESTRUCTOR,mir_json_status,MISSING
UXB-SURFACE-239,DESTRUCTOR,mir_interpreter_status,MISSING
UXB-SURFACE-239,DESTRUCTOR,x86_status,MISSING
UXB-SURFACE-239,DESTRUCTOR,library_binding_status,MISSING
UXB-SURFACE-241,IMPLEMENTS,ast_contract_status,MISSING
UXB-SURFACE-241,IMPLEMENTS,type_binding_status,MISSING
UXB-SURFACE-241,IMPLEMENTS,layout_status,MISSING
UXB-SURFACE-241,IMPLEMENTS,hir_status,MISSING
UXB-SURFACE-241,IMPLEMENTS,mir_status,MISSING
UXB-SURFACE-241,IMPLEMENTS,mir_verify_status,MISSING
UXB-SURFACE-241,IMPLEMENTS,mir_json_status,MISSING
UXB-SURFACE-241,IMPLEMENTS,mir_interpreter_status,MISSING
UXB-SURFACE-241,IMPLEMENTS,x86_status,MISSING
UXB-SURFACE-241,IMPLEMENTS,library_binding_status,MISSING
UXB-SURFACE-241,IMPLEMENTS,vscode_evidence_status,MISSING
UXB-SURFACE-242,INTERFACE,layout_status,MISSING
UXB-SURFACE-242,INTERFACE,mir_status,MISSING
UXB-SURFACE-242,INTERFACE,mir_verify_status,MISSING
UXB-SURFACE-242,INTERFACE,mir_json_status,MISSING
UXB-SURFACE-242,INTERFACE,mir_interpreter_status,MISSING
UXB-SURFACE-242,INTERFACE,x86_status,MISSING
UXB-SURFACE-242,INTERFACE,library_binding_status,MISSING
UXB-SURFACE-243,METHOD,type_binding_status,MISSING
UXB-SURFACE-243,METHOD,layout_status,MISSING
UXB-SURFACE-243,METHOD,hir_status,MISSING
UXB-SURFACE-243,METHOD,mir_verify_status,MISSING
UXB-SURFACE-243,METHOD,mir_json_status,MISSING
UXB-SURFACE-243,METHOD,mir_interpreter_status,MISSING
UXB-SURFACE-243,METHOD,x86_status,MISSING
UXB-SURFACE-244,NEW,type_binding_status,MISSING
UXB-SURFACE-244,NEW,layout_status,MISSING
UXB-SURFACE-244,NEW,hir_status,MISSING
UXB-SURFACE-244,NEW,mir_verify_status,MISSING
UXB-SURFACE-244,NEW,mir_json_status,MISSING
UXB-SURFACE-244,NEW,x86_status,MISSING
UXB-SURFACE-245,OPERATOR,type_binding_status,MISSING
UXB-SURFACE-245,OPERATOR,layout_status,MISSING
UXB-SURFACE-245,OPERATOR,mir_verify_status,MISSING
UXB-SURFACE-245,OPERATOR,mir_json_status,MISSING
UXB-SURFACE-245,OPERATOR,mir_interpreter_status,MISSING
UXB-SURFACE-245,OPERATOR,x86_status,MISSING
UXB-SURFACE-245,OPERATOR,library_binding_status,MISSING
UXB-SURFACE-246,PROPERTY,ast_contract_status,MISSING
UXB-SURFACE-246,PROPERTY,type_binding_status,MISSING
UXB-SURFACE-246,PROPERTY,hir_status,MISSING
UXB-SURFACE-246,PROPERTY,mir_verify_status,MISSING
UXB-SURFACE-246,PROPERTY,mir_json_status,MISSING
UXB-SURFACE-246,PROPERTY,mir_interpreter_status,MISSING
UXB-SURFACE-246,PROPERTY,x86_status,MISSING
UXB-SURFACE-246,PROPERTY,library_binding_status,MISSING
UXB-SURFACE-249,BALL,ast_contract_status,MISSING
UXB-SURFACE-249,BALL,semantic_status,MISSING
UXB-SURFACE-249,BALL,hir_status,MISSING
UXB-SURFACE-249,BALL,mir_status,MISSING
UXB-SURFACE-249,BALL,mir_verify_status,MISSING
UXB-SURFACE-249,BALL,mir_json_status,MISSING
UXB-SURFACE-249,BALL,mir_interpreter_status,MISSING
UXB-SURFACE-249,BALL,x64_mir_status,MISSING
UXB-SURFACE-249,BALL,x86_status,MISSING
UXB-SURFACE-249,BALL,vscode_evidence_status,MISSING
UXB-SURFACE-250,BIGD,ast_contract_status,MISSING
UXB-SURFACE-250,BIGD,semantic_status,MISSING
UXB-SURFACE-250,BIGD,hir_status,MISSING
UXB-SURFACE-250,BIGD,mir_status,MISSING
UXB-SURFACE-250,BIGD,mir_verify_status,MISSING
UXB-SURFACE-250,BIGD,mir_json_status,MISSING
UXB-SURFACE-250,BIGD,mir_interpreter_status,MISSING
UXB-SURFACE-250,BIGD,x64_ast_status,MISSING
UXB-SURFACE-250,BIGD,x64_mir_status,MISSING
UXB-SURFACE-250,BIGD,x86_status,MISSING
UXB-SURFACE-250,BIGD,vscode_evidence_status,MISSING
UXB-SURFACE-251,BIGF,ast_contract_status,MISSING
UXB-SURFACE-251,BIGF,semantic_status,MISSING
UXB-SURFACE-251,BIGF,hir_status,MISSING
UXB-SURFACE-251,BIGF,mir_status,MISSING
UXB-SURFACE-251,BIGF,mir_verify_status,MISSING
UXB-SURFACE-251,BIGF,mir_json_status,MISSING
UXB-SURFACE-251,BIGF,mir_interpreter_status,MISSING
UXB-SURFACE-251,BIGF,x64_ast_status,MISSING
UXB-SURFACE-251,BIGF,x64_mir_status,MISSING
UXB-SURFACE-251,BIGF,x86_status,MISSING
UXB-SURFACE-251,BIGF,vscode_evidence_status,MISSING
UXB-SURFACE-252,BOOLEAN,ast_contract_status,MISSING
UXB-SURFACE-252,BOOLEAN,semantic_status,MISSING
UXB-SURFACE-252,BOOLEAN,hir_status,MISSING
UXB-SURFACE-252,BOOLEAN,mir_status,MISSING
UXB-SURFACE-252,BOOLEAN,mir_verify_status,MISSING
UXB-SURFACE-252,BOOLEAN,mir_json_status,MISSING
UXB-SURFACE-252,BOOLEAN,ast_interpreter_status,MISSING
UXB-SURFACE-252,BOOLEAN,x64_mir_status,MISSING
UXB-SURFACE-252,BOOLEAN,x86_status,MISSING
UXB-SURFACE-252,BOOLEAN,library_binding_status,MISSING
UXB-SURFACE-253,BYTE,ast_contract_status,MISSING
UXB-SURFACE-253,BYTE,semantic_status,MISSING
UXB-SURFACE-253,BYTE,hir_status,MISSING
UXB-SURFACE-253,BYTE,mir_verify_status,MISSING
UXB-SURFACE-253,BYTE,mir_json_status,MISSING
UXB-SURFACE-253,BYTE,vscode_evidence_status,MISSING
UXB-SURFACE-254,F128,ast_contract_status,MISSING
UXB-SURFACE-254,F128,semantic_status,MISSING
UXB-SURFACE-254,F128,hir_status,MISSING
UXB-SURFACE-254,F128,mir_status,MISSING
UXB-SURFACE-254,F128,mir_verify_status,MISSING
UXB-SURFACE-254,F128,mir_json_status,MISSING
UXB-SURFACE-254,F128,mir_interpreter_status,MISSING
UXB-SURFACE-254,F128,x64_mir_status,MISSING
UXB-SURFACE-254,F128,x86_status,MISSING
UXB-SURFACE-254,F128,vscode_evidence_status,MISSING
UXB-SURFACE-255,F32,ast_contract_status,MISSING
UXB-SURFACE-255,F32,semantic_status,MISSING
UXB-SURFACE-255,F32,hir_status,MISSING
UXB-SURFACE-255,F32,mir_verify_status,MISSING
UXB-SURFACE-255,F32,mir_json_status,MISSING
UXB-SURFACE-255,F32,mir_interpreter_status,MISSING
UXB-SURFACE-255,F32,x64_mir_status,MISSING
UXB-SURFACE-255,F32,x86_status,MISSING
UXB-SURFACE-255,F32,library_binding_status,MISSING
UXB-SURFACE-256,F64,ast_contract_status,MISSING
UXB-SURFACE-256,F64,hir_status,MISSING
UXB-SURFACE-256,F64,mir_verify_status,MISSING
UXB-SURFACE-256,F64,mir_json_status,MISSING
UXB-SURFACE-256,F64,x64_mir_status,MISSING
UXB-SURFACE-256,F64,x86_status,MISSING
UXB-SURFACE-256,F64,library_binding_status,MISSING
UXB-SURFACE-257,F80,ast_contract_status,MISSING
UXB-SURFACE-257,F80,semantic_status,MISSING
UXB-SURFACE-257,F80,hir_status,MISSING
UXB-SURFACE-257,F80,mir_verify_status,MISSING
UXB-SURFACE-257,F80,mir_json_status,MISSING
UXB-SURFACE-257,F80,mir_interpreter_status,MISSING
UXB-SURFACE-257,F80,x64_mir_status,MISSING
UXB-SURFACE-257,F80,x86_status,MISSING
UXB-SURFACE-257,F80,vscode_evidence_status,MISSING
UXB-SURFACE-258,I16,ast_contract_status,MISSING
UXB-SURFACE-258,I16,semantic_status,MISSING
UXB-SURFACE-258,I16,hir_status,MISSING
UXB-SURFACE-258,I16,mir_status,MISSING
UXB-SURFACE-258,I16,mir_verify_status,MISSING
UXB-SURFACE-258,I16,mir_json_status,MISSING
UXB-SURFACE-258,I16,mir_interpreter_status,MISSING
UXB-SURFACE-258,I16,x64_mir_status,MISSING
UXB-SURFACE-258,I16,x86_status,MISSING
UXB-SURFACE-258,I16,wasm_wat_status,MISSING
UXB-SURFACE-258,I16,library_binding_status,MISSING
UXB-SURFACE-259,I32,ast_contract_status,MISSING
UXB-SURFACE-259,I32,semantic_status,MISSING
UXB-SURFACE-259,I32,hir_status,MISSING
UXB-SURFACE-259,I32,mir_verify_status,MISSING
UXB-SURFACE-259,I32,mir_json_status,MISSING
UXB-SURFACE-259,I32,x64_mir_status,MISSING
UXB-SURFACE-259,I32,x86_status,MISSING
UXB-SURFACE-259,I32,library_binding_status,MISSING
UXB-SURFACE-260,I64,ast_contract_status,MISSING
UXB-SURFACE-260,I64,semantic_status,MISSING
UXB-SURFACE-260,I64,hir_status,MISSING
UXB-SURFACE-260,I64,mir_status,MISSING
UXB-SURFACE-260,I64,mir_verify_status,MISSING
UXB-SURFACE-260,I64,mir_json_status,MISSING
UXB-SURFACE-260,I64,mir_interpreter_status,MISSING
UXB-SURFACE-260,I64,x86_status,MISSING
UXB-SURFACE-260,I64,wasm_wat_status,MISSING
UXB-SURFACE-260,I64,library_binding_status,MISSING
UXB-SURFACE-261,I8,ast_contract_status,MISSING
UXB-SURFACE-261,I8,semantic_status,MISSING
UXB-SURFACE-261,I8,hir_status,MISSING
UXB-SURFACE-261,I8,mir_status,MISSING
UXB-SURFACE-261,I8,mir_verify_status,MISSING
UXB-SURFACE-261,I8,mir_json_status,MISSING
UXB-SURFACE-261,I8,mir_interpreter_status,MISSING
UXB-SURFACE-261,I8,x64_mir_status,MISSING
UXB-SURFACE-261,I8,x86_status,MISSING
UXB-SURFACE-261,I8,wasm_wat_status,MISSING
UXB-SURFACE-261,I8,library_binding_status,MISSING
UXB-SURFACE-262,OBJECT,ast_contract_status,MISSING
UXB-SURFACE-262,OBJECT,type_binding_status,MISSING
UXB-SURFACE-262,OBJECT,layout_status,MISSING
UXB-SURFACE-262,OBJECT,hir_status,MISSING
UXB-SURFACE-262,OBJECT,mir_status,MISSING
UXB-SURFACE-262,OBJECT,mir_verify_status,MISSING
UXB-SURFACE-262,OBJECT,mir_json_status,MISSING
UXB-SURFACE-262,OBJECT,x64_mir_status,MISSING
UXB-SURFACE-262,OBJECT,x86_status,MISSING
UXB-SURFACE-263,PTR,semantic_status,MISSING
UXB-SURFACE-263,PTR,hir_status,MISSING
UXB-SURFACE-265,U16,ast_contract_status,MISSING
UXB-SURFACE-265,U16,semantic_status,MISSING
UXB-SURFACE-265,U16,hir_status,MISSING
UXB-SURFACE-265,U16,mir_status,MISSING
UXB-SURFACE-265,U16,mir_verify_status,MISSING
UXB-SURFACE-265,U16,mir_json_status,MISSING
UXB-SURFACE-265,U16,mir_interpreter_status,MISSING
UXB-SURFACE-265,U16,x64_mir_status,MISSING
UXB-SURFACE-265,U16,x86_status,MISSING
UXB-SURFACE-265,U16,wasm_wat_status,MISSING
UXB-SURFACE-265,U16,library_binding_status,MISSING
UXB-SURFACE-265,U16,test_status,MISSING
UXB-SURFACE-266,U32,ast_contract_status,MISSING
UXB-SURFACE-266,U32,semantic_status,MISSING
UXB-SURFACE-266,U32,hir_status,MISSING
UXB-SURFACE-266,U32,mir_verify_status,MISSING
UXB-SURFACE-266,U32,mir_json_status,MISSING
UXB-SURFACE-266,U32,x64_mir_status,MISSING
UXB-SURFACE-266,U32,x86_status,MISSING
UXB-SURFACE-266,U32,library_binding_status,MISSING
UXB-SURFACE-267,U64,ast_contract_status,MISSING
UXB-SURFACE-267,U64,semantic_status,MISSING
UXB-SURFACE-267,U64,hir_status,MISSING
UXB-SURFACE-267,U64,mir_verify_status,MISSING
UXB-SURFACE-267,U64,mir_json_status,MISSING
UXB-SURFACE-267,U64,x64_mir_status,MISSING
UXB-SURFACE-267,U64,x86_status,MISSING
UXB-SURFACE-267,U64,library_binding_status,MISSING
UXB-SURFACE-268,U8,ast_contract_status,MISSING
UXB-SURFACE-268,U8,semantic_status,MISSING
UXB-SURFACE-268,U8,hir_status,MISSING
UXB-SURFACE-268,U8,mir_status,MISSING
UXB-SURFACE-268,U8,mir_verify_status,MISSING
UXB-SURFACE-268,U8,mir_json_status,MISSING
UXB-SURFACE-268,U8,mir_interpreter_status,MISSING
UXB-SURFACE-268,U8,x64_mir_status,MISSING
UXB-SURFACE-268,U8,x86_status,MISSING
UXB-SURFACE-268,U8,wasm_wat_status,MISSING
UXB-SURFACE-268,U8,library_binding_status,MISSING
