ast_node,surface_name,semantic_status,type_status,layout_status,lowering_handler,lowering_decision,mir_opcode_sequence,requires_runtime,requires_external,target_x64,target_js,target_wasm,verify_rule,status,required_action
ALIAS_STMT,ALIAS_STMT,IMPLEMENTED,IMPLEMENTED,IMPLEMENTED,MIRLower*,LOWER_TO_MIR,AUTO,NO,NO,IMPLEMENTED,IMPLEMENTED,IMPLEMENTED,UXBMIRVerifyModule,IMPLEMENTED,NONE
ALIAS_TARGET,ALIAS_TARGET,IMPLEMENTED,IMPLEMENTED,IMPLEMENTED,MIRLower*,LOWER_MISSING,AUTO,NO,NO,IMPLEMENTED,IMPLEMENTED,IMPLEMENTED,UXBMIRVerifyModule,BROKEN,ADD_LOWERING
ASSERT_STMT,ASSERT_STMT,IMPLEMENTED,IMPLEMENTED,IMPLEMENTED,MIRLower*,LOWER_TO_MIR,AUTO,NO,NO,IMPLEMENTED,IMPLEMENTED,IMPLEMENTED,UXBMIRVerifyModule,IMPLEMENTED,NONE
ASSIGN_STMT,ASSIGN_STMT,IMPLEMENTED,IMPLEMENTED,IMPLEMENTED,MIRLower*,LOWER_TO_MIR,AUTO,NO,NO,IMPLEMENTED,IMPLEMENTED,IMPLEMENTED,UXBMIRVerifyModule,IMPLEMENTED,NONE
BINARY,BINARY,IMPLEMENTED,IMPLEMENTED,IMPLEMENTED,MIRLower*,LOWER_MISSING,AUTO,NO,NO,IMPLEMENTED,IMPLEMENTED,IMPLEMENTED,UXBMIRVerifyModule,BROKEN,ADD_LOWERING
BLOCK,BLOCK,IMPLEMENTED,IMPLEMENTED,IMPLEMENTED,MIRLower*,LOWER_MISSING,AUTO,NO,NO,IMPLEMENTED,IMPLEMENTED,IMPLEMENTED,UXBMIRVerifyModule,BROKEN,ADD_LOWERING
BOOLEAN,BOOLEAN,IMPLEMENTED,IMPLEMENTED,IMPLEMENTED,MIRLower*,LOWER_MISSING,AUTO,NO,NO,IMPLEMENTED,IMPLEMENTED,IMPLEMENTED,UXBMIRVerifyModule,BROKEN,ADD_LOWERING
CALL_EXPR,CALL_EXPR,IMPLEMENTED,IMPLEMENTED,IMPLEMENTED,MIRLower*,LOWER_TO_MIR,AUTO,NO,NO,IMPLEMENTED,IMPLEMENTED,IMPLEMENTED,UXBMIRVerifyModule,IMPLEMENTED,NONE
CALL_STMT,CALL_STMT,IMPLEMENTED,IMPLEMENTED,IMPLEMENTED,MIRLower*,LOWER_TO_MIR,AUTO,NO,NO,IMPLEMENTED,IMPLEMENTED,IMPLEMENTED,UXBMIRVerifyModule,IMPLEMENTED,NONE
CASE_BLOCK,CASE_BLOCK,IMPLEMENTED,IMPLEMENTED,IMPLEMENTED,MIRLower*,LOWER_MISSING,AUTO,NO,NO,IMPLEMENTED,IMPLEMENTED,IMPLEMENTED,UXBMIRVerifyModule,BROKEN,ADD_LOWERING
CASE_ELSE,CASE_ELSE,IMPLEMENTED,IMPLEMENTED,IMPLEMENTED,MIRLower*,LOWER_MISSING,AUTO,NO,NO,IMPLEMENTED,IMPLEMENTED,IMPLEMENTED,UXBMIRVerifyModule,BROKEN,ADD_LOWERING
CASE_IS_VALUE,CASE_IS_VALUE,IMPLEMENTED,IMPLEMENTED,IMPLEMENTED,MIRLower*,LOWER_MISSING,AUTO,NO,NO,IMPLEMENTED,IMPLEMENTED,IMPLEMENTED,UXBMIRVerifyModule,BROKEN,ADD_LOWERING
CAST_EXPR,CAST_EXPR,IMPLEMENTED,IMPLEMENTED,IMPLEMENTED,MIRLower*,LOWER_TO_MIR,AUTO,NO,NO,IMPLEMENTED,IMPLEMENTED,IMPLEMENTED,UXBMIRVerifyModule,IMPLEMENTED,NONE
CATCH_PART,CATCH_PART,IMPLEMENTED,IMPLEMENTED,IMPLEMENTED,MIRLower*,LOWER_MISSING,AUTO,NO,NO,IMPLEMENTED,IMPLEMENTED,IMPLEMENTED,UXBMIRVerifyModule,BROKEN,ADD_LOWERING
CLASS_ACCESS,CLASS_ACCESS,IMPLEMENTED,IMPLEMENTED,IMPLEMENTED,MIRLower*,LOWER_MISSING,AUTO,NO,NO,IMPLEMENTED,IMPLEMENTED,IMPLEMENTED,UXBMIRVerifyModule,BROKEN,ADD_LOWERING
CLASS_BASE_REF,CLASS_BASE_REF,IMPLEMENTED,IMPLEMENTED,IMPLEMENTED,MIRLower*,LOWER_MISSING,AUTO,NO,NO,IMPLEMENTED,IMPLEMENTED,IMPLEMENTED,UXBMIRVerifyModule,BROKEN,ADD_LOWERING
CLASS_CONSTRUCTOR_DECL,CLASS_CONSTRUCTOR_DECL,IMPLEMENTED,IMPLEMENTED,IMPLEMENTED,MIRLower*,LOWER_COMPILE_TIME_ONLY,AUTO,NO,NO,IMPLEMENTED,IMPLEMENTED,IMPLEMENTED,UXBMIRVerifyModule,IMPLEMENTED,NONE
CLASS_DECORATOR_REF,CLASS_DECORATOR_REF,IMPLEMENTED,IMPLEMENTED,IMPLEMENTED,MIRLower*,LOWER_MISSING,AUTO,NO,NO,IMPLEMENTED,IMPLEMENTED,IMPLEMENTED,UXBMIRVerifyModule,BROKEN,ADD_LOWERING
CLASS_DESTRUCTOR_DECL,CLASS_DESTRUCTOR_DECL,IMPLEMENTED,IMPLEMENTED,IMPLEMENTED,MIRLower*,LOWER_COMPILE_TIME_ONLY,AUTO,NO,NO,IMPLEMENTED,IMPLEMENTED,IMPLEMENTED,UXBMIRVerifyModule,IMPLEMENTED,NONE
CLASS_FIELD,CLASS_FIELD,IMPLEMENTED,IMPLEMENTED,IMPLEMENTED,MIRLower*,LOWER_MISSING,AUTO,NO,NO,IMPLEMENTED,IMPLEMENTED,IMPLEMENTED,UXBMIRVerifyModule,BROKEN,ADD_LOWERING
CLASS_FIELD_FLAG,CLASS_FIELD_FLAG,IMPLEMENTED,IMPLEMENTED,IMPLEMENTED,MIRLower*,LOWER_MISSING,AUTO,NO,NO,IMPLEMENTED,IMPLEMENTED,IMPLEMENTED,UXBMIRVerifyModule,BROKEN,ADD_LOWERING
CLASS_FLAG,CLASS_FLAG,IMPLEMENTED,IMPLEMENTED,IMPLEMENTED,MIRLower*,LOWER_MISSING,AUTO,NO,NO,IMPLEMENTED,IMPLEMENTED,IMPLEMENTED,UXBMIRVerifyModule,BROKEN,ADD_LOWERING
CLASS_FRIEND_STMT,CLASS_FRIEND_STMT,IMPLEMENTED,IMPLEMENTED,IMPLEMENTED,MIRLower*,LOWER_TO_MIR,AUTO,NO,NO,IMPLEMENTED,IMPLEMENTED,IMPLEMENTED,UXBMIRVerifyModule,IMPLEMENTED,NONE
CLASS_IMPLEMENTS_REF,CLASS_IMPLEMENTS_REF,IMPLEMENTED,IMPLEMENTED,IMPLEMENTED,MIRLower*,LOWER_MISSING,AUTO,NO,NO,IMPLEMENTED,IMPLEMENTED,IMPLEMENTED,UXBMIRVerifyModule,BROKEN,ADD_LOWERING
CLASS_METHOD_DECL,CLASS_METHOD_DECL,IMPLEMENTED,IMPLEMENTED,IMPLEMENTED,MIRLower*,LOWER_COMPILE_TIME_ONLY,AUTO,NO,NO,IMPLEMENTED,IMPLEMENTED,IMPLEMENTED,UXBMIRVerifyModule,IMPLEMENTED,NONE
CLASS_METHOD_FLAG,CLASS_METHOD_FLAG,IMPLEMENTED,IMPLEMENTED,IMPLEMENTED,MIRLower*,LOWER_MISSING,AUTO,NO,NO,IMPLEMENTED,IMPLEMENTED,IMPLEMENTED,UXBMIRVerifyModule,BROKEN,ADD_LOWERING
CLASS_MIXIN_REF,CLASS_MIXIN_REF,IMPLEMENTED,IMPLEMENTED,IMPLEMENTED,MIRLower*,LOWER_MISSING,AUTO,NO,NO,IMPLEMENTED,IMPLEMENTED,IMPLEMENTED,UXBMIRVerifyModule,BROKEN,ADD_LOWERING
CLASS_OPERATOR_DECL,CLASS_OPERATOR_DECL,IMPLEMENTED,IMPLEMENTED,IMPLEMENTED,MIRLower*,LOWER_COMPILE_TIME_ONLY,AUTO,NO,NO,IMPLEMENTED,IMPLEMENTED,IMPLEMENTED,UXBMIRVerifyModule,IMPLEMENTED,NONE
CLASS_PROPERTY_DECL,CLASS_PROPERTY_DECL,IMPLEMENTED,IMPLEMENTED,IMPLEMENTED,MIRLower*,LOWER_COMPILE_TIME_ONLY,AUTO,NO,NO,IMPLEMENTED,IMPLEMENTED,IMPLEMENTED,UXBMIRVerifyModule,IMPLEMENTED,NONE
CLASS_PROPERTY_FLAG,CLASS_PROPERTY_FLAG,IMPLEMENTED,IMPLEMENTED,IMPLEMENTED,MIRLower*,LOWER_MISSING,AUTO,NO,NO,IMPLEMENTED,IMPLEMENTED,IMPLEMENTED,UXBMIRVerifyModule,BROKEN,ADD_LOWERING
CLASS_PROPERTY_GET_STMT,CLASS_PROPERTY_GET_STMT,IMPLEMENTED,IMPLEMENTED,IMPLEMENTED,MIRLower*,LOWER_TO_MIR,AUTO,NO,NO,IMPLEMENTED,IMPLEMENTED,IMPLEMENTED,UXBMIRVerifyModule,IMPLEMENTED,NONE
CLASS_PROPERTY_SET_STMT,CLASS_PROPERTY_SET_STMT,IMPLEMENTED,IMPLEMENTED,IMPLEMENTED,MIRLower*,LOWER_TO_MIR,AUTO,NO,NO,IMPLEMENTED,IMPLEMENTED,IMPLEMENTED,UXBMIRVerifyModule,IMPLEMENTED,NONE
CLASS_STMT,CLASS_STMT,IMPLEMENTED,IMPLEMENTED,IMPLEMENTED,MIRLower*,LOWER_TO_MIR,AUTO,NO,NO,IMPLEMENTED,IMPLEMENTED,IMPLEMENTED,UXBMIRVerifyModule,IMPLEMENTED,NONE
CLOSE_STMT,CLOSE_STMT,IMPLEMENTED,IMPLEMENTED,IMPLEMENTED,MIRLower*,LOWER_TO_RUNTIME_CALL,AUTO,YES,NO,IMPLEMENTED,IMPLEMENTED,IMPLEMENTED,UXBMIRVerifyModule,IMPLEMENTED,NONE
CLS_STMT,CLS_STMT,IMPLEMENTED,IMPLEMENTED,IMPLEMENTED,MIRLower*,LOWER_TO_MIR,AUTO,NO,NO,IMPLEMENTED,IMPLEMENTED,IMPLEMENTED,UXBMIRVerifyModule,IMPLEMENTED,NONE
COLOR_STMT,COLOR_STMT,IMPLEMENTED,IMPLEMENTED,IMPLEMENTED,MIRLower*,LOWER_TO_MIR,AUTO,NO,NO,IMPLEMENTED,IMPLEMENTED,IMPLEMENTED,UXBMIRVerifyModule,IMPLEMENTED,NONE
CONST_DECL,CONST_DECL,IMPLEMENTED,IMPLEMENTED,IMPLEMENTED,MIRLower*,LOWER_COMPILE_TIME_ONLY,AUTO,NO,NO,IMPLEMENTED,IMPLEMENTED,IMPLEMENTED,UXBMIRVerifyModule,IMPLEMENTED,NONE
CONST_STMT,CONST_STMT,IMPLEMENTED,IMPLEMENTED,IMPLEMENTED,MIRLower*,LOWER_TO_MIR,AUTO,NO,NO,IMPLEMENTED,IMPLEMENTED,IMPLEMENTED,UXBMIRVerifyModule,IMPLEMENTED,NONE
DECLARE_FUNCTION_STMT,DECLARE_FUNCTION_STMT,IMPLEMENTED,IMPLEMENTED,IMPLEMENTED,MIRLower*,LOWER_TO_MIR,AUTO,NO,NO,IMPLEMENTED,IMPLEMENTED,IMPLEMENTED,UXBMIRVerifyModule,IMPLEMENTED,NONE
DECLARE_SUB_STMT,DECLARE_SUB_STMT,IMPLEMENTED,IMPLEMENTED,IMPLEMENTED,MIRLower*,LOWER_TO_MIR,AUTO,NO,NO,IMPLEMENTED,IMPLEMENTED,IMPLEMENTED,UXBMIRVerifyModule,IMPLEMENTED,NONE
DEFTYPE_STMT,DEFTYPE_STMT,IMPLEMENTED,IMPLEMENTED,IMPLEMENTED,MIRLower*,LOWER_TO_MIR,AUTO,NO,NO,IMPLEMENTED,IMPLEMENTED,IMPLEMENTED,UXBMIRVerifyModule,IMPLEMENTED,NONE
DELETE_STMT,DELETE_STMT,IMPLEMENTED,IMPLEMENTED,IMPLEMENTED,MIRLower*,LOWER_TO_MIR,AUTO,NO,NO,IMPLEMENTED,IMPLEMENTED,IMPLEMENTED,UXBMIRVerifyModule,IMPLEMENTED,NONE
DIM_BOUNDS,DIM_BOUNDS,IMPLEMENTED,IMPLEMENTED,IMPLEMENTED,MIRLower*,LOWER_MISSING,AUTO,NO,NO,IMPLEMENTED,IMPLEMENTED,IMPLEMENTED,UXBMIRVerifyModule,BROKEN,ADD_LOWERING
DIM_DECL,DIM_DECL,IMPLEMENTED,IMPLEMENTED,IMPLEMENTED,MIRLower*,LOWER_TO_MIR,AUTO,NO,NO,IMPLEMENTED,IMPLEMENTED,IMPLEMENTED,UXBMIRVerifyModule,IMPLEMENTED,NONE
DIM_STMT,DIM_STMT,IMPLEMENTED,IMPLEMENTED,IMPLEMENTED,MIRLower*,LOWER_TO_MIR,AUTO,NO,NO,IMPLEMENTED,IMPLEMENTED,IMPLEMENTED,UXBMIRVerifyModule,IMPLEMENTED,NONE
DO_EACH_STMT,DO_EACH_STMT,IMPLEMENTED,IMPLEMENTED,IMPLEMENTED,MIRLower*,LOWER_TO_MIR,AUTO,NO,NO,IMPLEMENTED,IMPLEMENTED,IMPLEMENTED,UXBMIRVerifyModule,IMPLEMENTED,NONE
DO_STMT,DO_STMT,IMPLEMENTED,IMPLEMENTED,IMPLEMENTED,MIRLower*,LOWER_TO_MIR,AUTO,NO,NO,IMPLEMENTED,IMPLEMENTED,IMPLEMENTED,UXBMIRVerifyModule,IMPLEMENTED,NONE
EACH_BODY,EACH_BODY,IMPLEMENTED,IMPLEMENTED,IMPLEMENTED,MIRLower*,LOWER_MISSING,AUTO,NO,NO,IMPLEMENTED,IMPLEMENTED,IMPLEMENTED,UXBMIRVerifyModule,BROKEN,ADD_LOWERING
EACH_ITEMS,EACH_ITEMS,IMPLEMENTED,IMPLEMENTED,IMPLEMENTED,MIRLower*,LOWER_MISSING,AUTO,NO,NO,IMPLEMENTED,IMPLEMENTED,IMPLEMENTED,UXBMIRVerifyModule,BROKEN,ADD_LOWERING
ELSEIF_PART,ELSEIF_PART,IMPLEMENTED,IMPLEMENTED,IMPLEMENTED,MIRLower*,LOWER_MISSING,AUTO,NO,NO,IMPLEMENTED,IMPLEMENTED,IMPLEMENTED,UXBMIRVerifyModule,BROKEN,ADD_LOWERING
ELSE_PART,ELSE_PART,IMPLEMENTED,IMPLEMENTED,IMPLEMENTED,MIRLower*,LOWER_MISSING,AUTO,NO,NO,IMPLEMENTED,IMPLEMENTED,IMPLEMENTED,UXBMIRVerifyModule,BROKEN,ADD_LOWERING
END_STMT,END_STMT,IMPLEMENTED,IMPLEMENTED,IMPLEMENTED,MIRLower*,LOWER_TO_MIR,AUTO,NO,NO,IMPLEMENTED,IMPLEMENTED,IMPLEMENTED,UXBMIRVerifyModule,IMPLEMENTED,NONE
EVENT_STMT,EVENT_STMT,IMPLEMENTED,IMPLEMENTED,IMPLEMENTED,MIRLower*,LOWER_TO_MIR,AUTO,NO,NO,IMPLEMENTED,IMPLEMENTED,IMPLEMENTED,UXBMIRVerifyModule,IMPLEMENTED,NONE
EXIT_STMT,EXIT_STMT,IMPLEMENTED,IMPLEMENTED,IMPLEMENTED,MIRLower*,LOWER_TO_MIR,AUTO,NO,NO,IMPLEMENTED,IMPLEMENTED,IMPLEMENTED,UXBMIRVerifyModule,IMPLEMENTED,NONE
EXPR_STMT,EXPR_STMT,IMPLEMENTED,IMPLEMENTED,IMPLEMENTED,MIRLower*,LOWER_TO_MIR,AUTO,NO,NO,IMPLEMENTED,IMPLEMENTED,IMPLEMENTED,UXBMIRVerifyModule,IMPLEMENTED,NONE
FIELD_EXPR,FIELD_EXPR,IMPLEMENTED,IMPLEMENTED,IMPLEMENTED,MIRLower*,LOWER_TO_MIR,AUTO,NO,NO,IMPLEMENTED,IMPLEMENTED,IMPLEMENTED,UXBMIRVerifyModule,IMPLEMENTED,NONE
FINALLY_PART,FINALLY_PART,IMPLEMENTED,IMPLEMENTED,IMPLEMENTED,MIRLower*,LOWER_MISSING,AUTO,NO,NO,IMPLEMENTED,IMPLEMENTED,IMPLEMENTED,UXBMIRVerifyModule,BROKEN,ADD_LOWERING
FOR_EACH_STMT,FOR_EACH_STMT,IMPLEMENTED,IMPLEMENTED,IMPLEMENTED,MIRLower*,LOWER_TO_MIR,AUTO,NO,NO,IMPLEMENTED,IMPLEMENTED,IMPLEMENTED,UXBMIRVerifyModule,IMPLEMENTED,NONE
FOR_STMT,FOR_STMT,IMPLEMENTED,IMPLEMENTED,IMPLEMENTED,MIRLower*,LOWER_TO_MIR,AUTO,NO,NO,IMPLEMENTED,IMPLEMENTED,IMPLEMENTED,UXBMIRVerifyModule,IMPLEMENTED,NONE
FRIEND_ITEM,FRIEND_ITEM,IMPLEMENTED,IMPLEMENTED,IMPLEMENTED,MIRLower*,LOWER_MISSING,AUTO,NO,NO,IMPLEMENTED,IMPLEMENTED,IMPLEMENTED,UXBMIRVerifyModule,BROKEN,ADD_LOWERING
FUNCTION_STMT,FUNCTION_STMT,IMPLEMENTED,IMPLEMENTED,IMPLEMENTED,MIRLower*,LOWER_TO_MIR,AUTO,NO,NO,IMPLEMENTED,IMPLEMENTED,IMPLEMENTED,UXBMIRVerifyModule,IMPLEMENTED,NONE
GET_STMT,GET_STMT,IMPLEMENTED,IMPLEMENTED,IMPLEMENTED,MIRLower*,LOWER_TO_RUNTIME_CALL,AUTO,YES,NO,IMPLEMENTED,IMPLEMENTED,IMPLEMENTED,UXBMIRVerifyModule,IMPLEMENTED,NONE
GOSUB_STMT,GOSUB_STMT,IMPLEMENTED,IMPLEMENTED,IMPLEMENTED,MIRLower*,LOWER_TO_MIR,AUTO,NO,NO,IMPLEMENTED,IMPLEMENTED,IMPLEMENTED,UXBMIRVerifyModule,IMPLEMENTED,NONE
GOTO_STMT,GOTO_STMT,IMPLEMENTED,IMPLEMENTED,IMPLEMENTED,MIRLower*,LOWER_TO_MIR,AUTO,NO,NO,IMPLEMENTED,IMPLEMENTED,IMPLEMENTED,UXBMIRVerifyModule,IMPLEMENTED,NONE
IDENT,IDENT,IMPLEMENTED,IMPLEMENTED,IMPLEMENTED,MIRLower*,LOWER_MISSING,AUTO,NO,NO,IMPLEMENTED,IMPLEMENTED,IMPLEMENTED,UXBMIRVerifyModule,BROKEN,ADD_LOWERING
IF_STMT,IF_STMT,IMPLEMENTED,IMPLEMENTED,IMPLEMENTED,MIRLower*,LOWER_TO_MIR,AUTO,NO,NO,IMPLEMENTED,IMPLEMENTED,IMPLEMENTED,UXBMIRVerifyModule,IMPLEMENTED,NONE
IMPORT_STMT,IMPORT_STMT,IMPLEMENTED,IMPLEMENTED,IMPLEMENTED,MIRLower*,LOWER_TO_MIR,AUTO,NO,NO,IMPLEMENTED,IMPLEMENTED,IMPLEMENTED,UXBMIRVerifyModule,IMPLEMENTED,NONE
INCDEC_EXPR,INCDEC_EXPR,IMPLEMENTED,IMPLEMENTED,IMPLEMENTED,MIRLower*,LOWER_TO_MIR,AUTO,NO,NO,IMPLEMENTED,IMPLEMENTED,IMPLEMENTED,UXBMIRVerifyModule,IMPLEMENTED,NONE
INCDEC_STMT,INCDEC_STMT,IMPLEMENTED,IMPLEMENTED,IMPLEMENTED,MIRLower*,LOWER_TO_MIR,AUTO,NO,NO,IMPLEMENTED,IMPLEMENTED,IMPLEMENTED,UXBMIRVerifyModule,IMPLEMENTED,NONE
INCLUDE_STMT,INCLUDE_STMT,IMPLEMENTED,IMPLEMENTED,IMPLEMENTED,MIRLower*,LOWER_TO_MIR,AUTO,NO,NO,IMPLEMENTED,IMPLEMENTED,IMPLEMENTED,UXBMIRVerifyModule,IMPLEMENTED,NONE
INDEX_EXPR,INDEX_EXPR,IMPLEMENTED,IMPLEMENTED,IMPLEMENTED,MIRLower*,LOWER_TO_MIR,AUTO,NO,NO,IMPLEMENTED,IMPLEMENTED,IMPLEMENTED,UXBMIRVerifyModule,IMPLEMENTED,NONE
INIT_EXPR,INIT_EXPR,IMPLEMENTED,IMPLEMENTED,IMPLEMENTED,MIRLower*,LOWER_TO_MIR,AUTO,NO,NO,IMPLEMENTED,IMPLEMENTED,IMPLEMENTED,UXBMIRVerifyModule,IMPLEMENTED,NONE
INLINE_STMT,INLINE_STMT,IMPLEMENTED,IMPLEMENTED,IMPLEMENTED,MIRLower*,LOWER_TO_NATIVE_ONLY,AUTO,NO,NO,IMPLEMENTED,IMPLEMENTED,IMPLEMENTED,UXBMIRVerifyModule,IMPLEMENTED,NONE
INPUTF_STMT,INPUTF_STMT,IMPLEMENTED,IMPLEMENTED,IMPLEMENTED,MIRLower*,LOWER_TO_RUNTIME_CALL,AUTO,YES,NO,IMPLEMENTED,IMPLEMENTED,IMPLEMENTED,UXBMIRVerifyModule,IMPLEMENTED,NONE
INPUT_FILE_STMT,INPUT_FILE_STMT,IMPLEMENTED,IMPLEMENTED,IMPLEMENTED,MIRLower*,LOWER_TO_RUNTIME_CALL,AUTO,YES,NO,IMPLEMENTED,IMPLEMENTED,IMPLEMENTED,UXBMIRVerifyModule,IMPLEMENTED,NONE
INPUT_STMT,INPUT_STMT,IMPLEMENTED,IMPLEMENTED,IMPLEMENTED,MIRLower*,LOWER_TO_MIR,AUTO,NO,NO,IMPLEMENTED,IMPLEMENTED,IMPLEMENTED,UXBMIRVerifyModule,IMPLEMENTED,NONE
INTERFACE_METHOD_DECL,INTERFACE_METHOD_DECL,IMPLEMENTED,IMPLEMENTED,IMPLEMENTED,MIRLower*,LOWER_COMPILE_TIME_ONLY,AUTO,NO,NO,IMPLEMENTED,IMPLEMENTED,IMPLEMENTED,UXBMIRVerifyModule,IMPLEMENTED,NONE
INTERFACE_STMT,INTERFACE_STMT,IMPLEMENTED,IMPLEMENTED,IMPLEMENTED,MIRLower*,LOWER_TO_MIR,AUTO,NO,NO,IMPLEMENTED,IMPLEMENTED,IMPLEMENTED,UXBMIRVerifyModule,IMPLEMENTED,NONE
KEYWORD_REF,KEYWORD_REF,IMPLEMENTED,IMPLEMENTED,IMPLEMENTED,MIRLower*,LOWER_MISSING,AUTO,NO,NO,IMPLEMENTED,IMPLEMENTED,IMPLEMENTED,UXBMIRVerifyModule,BROKEN,ADD_LOWERING
LABEL_STMT,LABEL_STMT,IMPLEMENTED,IMPLEMENTED,IMPLEMENTED,MIRLower*,LOWER_TO_MIR,AUTO,NO,NO,IMPLEMENTED,IMPLEMENTED,IMPLEMENTED,UXBMIRVerifyModule,IMPLEMENTED,NONE
LOCATE_STMT,LOCATE_STMT,IMPLEMENTED,IMPLEMENTED,IMPLEMENTED,MIRLower*,LOWER_TO_MIR,AUTO,NO,NO,IMPLEMENTED,IMPLEMENTED,IMPLEMENTED,UXBMIRVerifyModule,IMPLEMENTED,NONE
MAIN_STMT,MAIN_STMT,IMPLEMENTED,IMPLEMENTED,IMPLEMENTED,MIRLower*,LOWER_TO_MIR,AUTO,NO,NO,IMPLEMENTED,IMPLEMENTED,IMPLEMENTED,UXBMIRVerifyModule,IMPLEMENTED,NONE
MEMBER_EXPR,MEMBER_EXPR,IMPLEMENTED,IMPLEMENTED,IMPLEMENTED,MIRLower*,LOWER_TO_MIR,AUTO,NO,NO,IMPLEMENTED,IMPLEMENTED,IMPLEMENTED,UXBMIRVerifyModule,IMPLEMENTED,NONE
MEMCOPYB_STMT,MEMCOPYB_STMT,IMPLEMENTED,IMPLEMENTED,IMPLEMENTED,MIRLower*,LOWER_TO_MIR,AUTO,NO,NO,IMPLEMENTED,IMPLEMENTED,IMPLEMENTED,UXBMIRVerifyModule,IMPLEMENTED,NONE
MEMCOPYD_STMT,MEMCOPYD_STMT,IMPLEMENTED,IMPLEMENTED,IMPLEMENTED,MIRLower*,LOWER_TO_MIR,AUTO,NO,NO,IMPLEMENTED,IMPLEMENTED,IMPLEMENTED,UXBMIRVerifyModule,IMPLEMENTED,NONE
MEMCOPYW_STMT,MEMCOPYW_STMT,IMPLEMENTED,IMPLEMENTED,IMPLEMENTED,MIRLower*,LOWER_TO_MIR,AUTO,NO,NO,IMPLEMENTED,IMPLEMENTED,IMPLEMENTED,UXBMIRVerifyModule,IMPLEMENTED,NONE
MEMFILLB_STMT,MEMFILLB_STMT,IMPLEMENTED,IMPLEMENTED,IMPLEMENTED,MIRLower*,LOWER_TO_MIR,AUTO,NO,NO,IMPLEMENTED,IMPLEMENTED,IMPLEMENTED,UXBMIRVerifyModule,IMPLEMENTED,NONE
MEMFILLD_STMT,MEMFILLD_STMT,IMPLEMENTED,IMPLEMENTED,IMPLEMENTED,MIRLower*,LOWER_TO_MIR,AUTO,NO,NO,IMPLEMENTED,IMPLEMENTED,IMPLEMENTED,UXBMIRVerifyModule,IMPLEMENTED,NONE
MEMFILLW_STMT,MEMFILLW_STMT,IMPLEMENTED,IMPLEMENTED,IMPLEMENTED,MIRLower*,LOWER_TO_MIR,AUTO,NO,NO,IMPLEMENTED,IMPLEMENTED,IMPLEMENTED,UXBMIRVerifyModule,IMPLEMENTED,NONE
MODE_REF,MODE_REF,IMPLEMENTED,IMPLEMENTED,IMPLEMENTED,MIRLower*,LOWER_MISSING,AUTO,NO,NO,IMPLEMENTED,IMPLEMENTED,IMPLEMENTED,UXBMIRVerifyModule,BROKEN,ADD_LOWERING
MODULE_STMT,MODULE_STMT,IMPLEMENTED,IMPLEMENTED,IMPLEMENTED,MIRLower*,LOWER_TO_MIR,AUTO,NO,NO,IMPLEMENTED,IMPLEMENTED,IMPLEMENTED,UXBMIRVerifyModule,IMPLEMENTED,NONE
NAMESPACE_STMT,NAMESPACE_STMT,IMPLEMENTED,IMPLEMENTED,IMPLEMENTED,MIRLower*,LOWER_TO_MIR,AUTO,NO,NO,IMPLEMENTED,IMPLEMENTED,IMPLEMENTED,UXBMIRVerifyModule,IMPLEMENTED,NONE
NEW_EXPR,NEW_EXPR,IMPLEMENTED,IMPLEMENTED,IMPLEMENTED,MIRLower*,LOWER_TO_MIR,AUTO,NO,NO,IMPLEMENTED,IMPLEMENTED,IMPLEMENTED,UXBMIRVerifyModule,IMPLEMENTED,NONE
NUMBER,NUMBER,IMPLEMENTED,IMPLEMENTED,IMPLEMENTED,MIRLower*,LOWER_MISSING,AUTO,NO,NO,IMPLEMENTED,IMPLEMENTED,IMPLEMENTED,UXBMIRVerifyModule,BROKEN,ADD_LOWERING
OPEN_STMT,OPEN_STMT,IMPLEMENTED,IMPLEMENTED,IMPLEMENTED,MIRLower*,LOWER_TO_RUNTIME_CALL,AUTO,YES,NO,IMPLEMENTED,IMPLEMENTED,IMPLEMENTED,UXBMIRVerifyModule,IMPLEMENTED,NONE
PARALEL_STMT,PARALEL_STMT,IMPLEMENTED,IMPLEMENTED,IMPLEMENTED,MIRLower*,LOWER_TO_MIR,AUTO,NO,NO,IMPLEMENTED,IMPLEMENTED,IMPLEMENTED,UXBMIRVerifyModule,IMPLEMENTED,NONE
PARAM_DECL,PARAM_DECL,IMPLEMENTED,IMPLEMENTED,IMPLEMENTED,MIRLower*,LOWER_COMPILE_TIME_ONLY,AUTO,NO,NO,IMPLEMENTED,IMPLEMENTED,IMPLEMENTED,UXBMIRVerifyModule,IMPLEMENTED,NONE
PIPE_STMT,PIPE_STMT,IMPLEMENTED,IMPLEMENTED,IMPLEMENTED,MIRLower*,LOWER_TO_MIR,AUTO,NO,NO,IMPLEMENTED,IMPLEMENTED,IMPLEMENTED,UXBMIRVerifyModule,IMPLEMENTED,NONE
POKEB_STMT,POKEB_STMT,IMPLEMENTED,IMPLEMENTED,IMPLEMENTED,MIRLower*,LOWER_TO_MIR,AUTO,NO,NO,IMPLEMENTED,IMPLEMENTED,IMPLEMENTED,UXBMIRVerifyModule,IMPLEMENTED,NONE
POKED_STMT,POKED_STMT,IMPLEMENTED,IMPLEMENTED,IMPLEMENTED,MIRLower*,LOWER_TO_MIR,AUTO,NO,NO,IMPLEMENTED,IMPLEMENTED,IMPLEMENTED,UXBMIRVerifyModule,IMPLEMENTED,NONE
POKES_STMT,POKES_STMT,IMPLEMENTED,IMPLEMENTED,IMPLEMENTED,MIRLower*,LOWER_TO_MIR,AUTO,NO,NO,IMPLEMENTED,IMPLEMENTED,IMPLEMENTED,UXBMIRVerifyModule,IMPLEMENTED,NONE
POKEW_STMT,POKEW_STMT,IMPLEMENTED,IMPLEMENTED,IMPLEMENTED,MIRLower*,LOWER_TO_MIR,AUTO,NO,NO,IMPLEMENTED,IMPLEMENTED,IMPLEMENTED,UXBMIRVerifyModule,IMPLEMENTED,NONE
PRINT_ITEM,PRINT_ITEM,IMPLEMENTED,IMPLEMENTED,IMPLEMENTED,MIRLower*,LOWER_MISSING,AUTO,NO,NO,IMPLEMENTED,IMPLEMENTED,IMPLEMENTED,UXBMIRVerifyModule,BROKEN,ADD_LOWERING
PRINT_STMT,PRINT_STMT,IMPLEMENTED,IMPLEMENTED,IMPLEMENTED,MIRLower*,LOWER_TO_MIR,AUTO,NO,NO,IMPLEMENTED,IMPLEMENTED,IMPLEMENTED,UXBMIRVerifyModule,IMPLEMENTED,NONE
PROGRAM,PROGRAM,IMPLEMENTED,IMPLEMENTED,IMPLEMENTED,MIRLower*,LOWER_MISSING,AUTO,NO,NO,IMPLEMENTED,IMPLEMENTED,IMPLEMENTED,UXBMIRVerifyModule,BROKEN,ADD_LOWERING
PROMPT_EXPR,PROMPT_EXPR,IMPLEMENTED,IMPLEMENTED,IMPLEMENTED,MIRLower*,LOWER_TO_MIR,AUTO,NO,NO,IMPLEMENTED,IMPLEMENTED,IMPLEMENTED,UXBMIRVerifyModule,IMPLEMENTED,NONE
PUT_STMT,PUT_STMT,IMPLEMENTED,IMPLEMENTED,IMPLEMENTED,MIRLower*,LOWER_TO_RUNTIME_CALL,AUTO,YES,NO,IMPLEMENTED,IMPLEMENTED,IMPLEMENTED,UXBMIRVerifyModule,IMPLEMENTED,NONE
RANDOMIZE_STMT,RANDOMIZE_STMT,IMPLEMENTED,IMPLEMENTED,IMPLEMENTED,MIRLower*,LOWER_TO_MIR,AUTO,NO,NO,IMPLEMENTED,IMPLEMENTED,IMPLEMENTED,UXBMIRVerifyModule,IMPLEMENTED,NONE
RANGE_EXPR,RANGE_EXPR,IMPLEMENTED,IMPLEMENTED,IMPLEMENTED,MIRLower*,LOWER_TO_MIR,AUTO,NO,NO,IMPLEMENTED,IMPLEMENTED,IMPLEMENTED,UXBMIRVerifyModule,IMPLEMENTED,NONE
REDIM_DECL,REDIM_DECL,IMPLEMENTED,IMPLEMENTED,IMPLEMENTED,MIRLower*,LOWER_TO_MIR,AUTO,NO,NO,IMPLEMENTED,IMPLEMENTED,IMPLEMENTED,UXBMIRVerifyModule,IMPLEMENTED,NONE
REDIM_STMT,REDIM_STMT,IMPLEMENTED,IMPLEMENTED,IMPLEMENTED,MIRLower*,LOWER_TO_MIR,AUTO,NO,NO,IMPLEMENTED,IMPLEMENTED,IMPLEMENTED,UXBMIRVerifyModule,IMPLEMENTED,NONE
RETURN_STMT,RETURN_STMT,IMPLEMENTED,IMPLEMENTED,IMPLEMENTED,MIRLower*,LOWER_TO_MIR,AUTO,NO,NO,IMPLEMENTED,IMPLEMENTED,IMPLEMENTED,UXBMIRVerifyModule,IMPLEMENTED,NONE
RETURN_TYPE,RETURN_TYPE,IMPLEMENTED,IMPLEMENTED,IMPLEMENTED,MIRLower*,LOWER_COMPILE_TIME_ONLY,AUTO,NO,NO,IMPLEMENTED,IMPLEMENTED,IMPLEMENTED,UXBMIRVerifyModule,IMPLEMENTED,NONE
SEEK_STMT,SEEK_STMT,IMPLEMENTED,IMPLEMENTED,IMPLEMENTED,MIRLower*,LOWER_TO_RUNTIME_CALL,AUTO,YES,NO,IMPLEMENTED,IMPLEMENTED,IMPLEMENTED,UXBMIRVerifyModule,IMPLEMENTED,NONE
SELECT_STMT,SELECT_STMT,IMPLEMENTED,IMPLEMENTED,IMPLEMENTED,MIRLower*,LOWER_TO_MIR,AUTO,NO,NO,IMPLEMENTED,IMPLEMENTED,IMPLEMENTED,UXBMIRVerifyModule,IMPLEMENTED,NONE
SETNEWOFFSET_STMT,SETNEWOFFSET_STMT,IMPLEMENTED,IMPLEMENTED,IMPLEMENTED,MIRLower*,LOWER_TO_MIR,AUTO,NO,NO,IMPLEMENTED,IMPLEMENTED,IMPLEMENTED,UXBMIRVerifyModule,IMPLEMENTED,NONE
SETSTRINGSIZE_STMT,SETSTRINGSIZE_STMT,IMPLEMENTED,IMPLEMENTED,IMPLEMENTED,MIRLower*,LOWER_TO_MIR,AUTO,NO,NO,IMPLEMENTED,IMPLEMENTED,IMPLEMENTED,UXBMIRVerifyModule,IMPLEMENTED,NONE
SIZEOF_EXPR,SIZEOF_EXPR,IMPLEMENTED,IMPLEMENTED,IMPLEMENTED,MIRLower*,LOWER_TO_MIR,AUTO,NO,NO,IMPLEMENTED,IMPLEMENTED,IMPLEMENTED,UXBMIRVerifyModule,IMPLEMENTED,NONE
SLOT_CONTROL_STMT,SLOT_CONTROL_STMT,IMPLEMENTED,IMPLEMENTED,IMPLEMENTED,MIRLower*,LOWER_TO_MIR,AUTO,NO,NO,IMPLEMENTED,IMPLEMENTED,IMPLEMENTED,UXBMIRVerifyModule,IMPLEMENTED,NONE
SLOT_HEADER_ARGS,SLOT_HEADER_ARGS,IMPLEMENTED,IMPLEMENTED,IMPLEMENTED,MIRLower*,LOWER_MISSING,AUTO,NO,NO,IMPLEMENTED,IMPLEMENTED,IMPLEMENTED,UXBMIRVerifyModule,BROKEN,ADD_LOWERING
SLOT_STMT,SLOT_STMT,IMPLEMENTED,IMPLEMENTED,IMPLEMENTED,MIRLower*,LOWER_TO_MIR,AUTO,NO,NO,IMPLEMENTED,IMPLEMENTED,IMPLEMENTED,UXBMIRVerifyModule,IMPLEMENTED,NONE
STRING,STRING,IMPLEMENTED,IMPLEMENTED,IMPLEMENTED,MIRLower*,LOWER_MISSING,AUTO,NO,NO,IMPLEMENTED,IMPLEMENTED,IMPLEMENTED,UXBMIRVerifyModule,BROKEN,ADD_LOWERING
SUB_STMT,SUB_STMT,IMPLEMENTED,IMPLEMENTED,IMPLEMENTED,MIRLower*,LOWER_TO_MIR,AUTO,NO,NO,IMPLEMENTED,IMPLEMENTED,IMPLEMENTED,UXBMIRVerifyModule,IMPLEMENTED,NONE
TERNARY_EXPR,TERNARY_EXPR,IMPLEMENTED,IMPLEMENTED,IMPLEMENTED,MIRLower*,LOWER_TO_MIR,AUTO,NO,NO,IMPLEMENTED,IMPLEMENTED,IMPLEMENTED,UXBMIRVerifyModule,IMPLEMENTED,NONE
THREAD_STMT,THREAD_STMT,IMPLEMENTED,IMPLEMENTED,IMPLEMENTED,MIRLower*,LOWER_TO_MIR,AUTO,NO,NO,IMPLEMENTED,IMPLEMENTED,IMPLEMENTED,UXBMIRVerifyModule,IMPLEMENTED,NONE
THROW_STMT,THROW_STMT,IMPLEMENTED,IMPLEMENTED,IMPLEMENTED,MIRLower*,LOWER_TO_MIR,AUTO,NO,NO,IMPLEMENTED,IMPLEMENTED,IMPLEMENTED,UXBMIRVerifyModule,IMPLEMENTED,NONE
TRIGGER_STMT,TRIGGER_STMT,IMPLEMENTED,IMPLEMENTED,IMPLEMENTED,MIRLower*,LOWER_TO_MIR,AUTO,NO,NO,IMPLEMENTED,IMPLEMENTED,IMPLEMENTED,UXBMIRVerifyModule,IMPLEMENTED,NONE
TRY_BODY,TRY_BODY,IMPLEMENTED,IMPLEMENTED,IMPLEMENTED,MIRLower*,LOWER_MISSING,AUTO,NO,NO,IMPLEMENTED,IMPLEMENTED,IMPLEMENTED,UXBMIRVerifyModule,BROKEN,ADD_LOWERING
TRY_STMT,TRY_STMT,IMPLEMENTED,IMPLEMENTED,IMPLEMENTED,MIRLower*,LOWER_TO_MIR,AUTO,NO,NO,IMPLEMENTED,IMPLEMENTED,IMPLEMENTED,UXBMIRVerifyModule,IMPLEMENTED,NONE
TYPE_FIELD,TYPE_FIELD,IMPLEMENTED,IMPLEMENTED,IMPLEMENTED,MIRLower*,LOWER_MISSING,AUTO,NO,NO,IMPLEMENTED,IMPLEMENTED,IMPLEMENTED,UXBMIRVerifyModule,BROKEN,ADD_LOWERING
TYPE_REF,TYPE_REF,IMPLEMENTED,IMPLEMENTED,IMPLEMENTED,MIRLower*,LOWER_MISSING,AUTO,NO,NO,IMPLEMENTED,IMPLEMENTED,IMPLEMENTED,UXBMIRVerifyModule,BROKEN,ADD_LOWERING
TYPE_STMT,TYPE_STMT,IMPLEMENTED,IMPLEMENTED,IMPLEMENTED,MIRLower*,LOWER_TO_MIR,AUTO,NO,NO,IMPLEMENTED,IMPLEMENTED,IMPLEMENTED,UXBMIRVerifyModule,IMPLEMENTED,NONE
UNARY,UNARY,IMPLEMENTED,IMPLEMENTED,IMPLEMENTED,MIRLower*,LOWER_MISSING,AUTO,NO,NO,IMPLEMENTED,IMPLEMENTED,IMPLEMENTED,UXBMIRVerifyModule,BROKEN,ADD_LOWERING
USING_ITEM,USING_ITEM,IMPLEMENTED,IMPLEMENTED,IMPLEMENTED,MIRLower*,LOWER_MISSING,AUTO,NO,NO,IMPLEMENTED,IMPLEMENTED,IMPLEMENTED,UXBMIRVerifyModule,BROKEN,ADD_LOWERING
USING_STMT,USING_STMT,IMPLEMENTED,IMPLEMENTED,IMPLEMENTED,MIRLower*,LOWER_TO_MIR,AUTO,NO,NO,IMPLEMENTED,IMPLEMENTED,IMPLEMENTED,UXBMIRVerifyModule,IMPLEMENTED,NONE
